cosmic_id,afatinib,cisplatin,dabrafenib,olaparib,palbociclib,trametinib,vismodegib
1240121,6,5,1,2,4,7,3
1240122,7,5,2,1,4,6,3
1240123,6,2,4,3,7,1,5
1240124,6,1,5,4,3,7,2
1240125,3,2,7,1,4,6,5
1240127,4,7,3,6,2,1,5
1240128,1,3,7,2,5,6,4
1240129,7,3,4,2,1,5,6
1240130,2,5,7,1,3,6,4
1240131,6,3,5,1,7,2,4
1240132,5,4,2,3,6,1,7
1240134,2,5,6,1,7,4,3
1240135,3,5,2,1,6,4,7
1240136,2,5,3,4,6,1,7
1240137,1,4,3,2,5,7,6
1240138,1,5,7,6,2,4,3
1240139,6,3,4,2,5,7,1
1240140,7,3,1,2,5,6,4
1240141,6,5,3,2,4,7,1
1240142,6,3,1,4,7,5,2
1240143,6,2,5,3,1,7,4
1240145,3,6,2,4,1,7,5
1240146,7,6,2,4,5,1,3
1240147,3,4,6,2,1,7,5
1240150,3,5,2,1,7,4,6
1240151,1,5,2,4,6,7,3
1240153,1,4,7,2,5,6,3
1240154,1,3,7,2,4,6,5
1240159,2,7,3,6,5,1,4
1240160,2,4,6,5,1,7,3
1240161,1,6,2,3,7,4,5
1240162,7,3,4,1,5,6,2
1240166,2,7,4,6,3,1,5
1240167,6,5,3,4,1,7,2
1240168,4,7,2,3,6,1,5
1240169,4,3,2,6,5,7,1
1240170,1,3,4,5,2,6,7
1240172,5,6,3,7,1,4,2
1240173,4,3,7,1,2,6,5
1240174,7,3,1,2,4,6,5
1240178,1,3,6,2,4,7,5
1240179,4,6,3,7,1,2,5
1240181,4,6,5,3,2,1,7
1240182,6,3,4,7,1,2,5
1240183,6,2,1,5,4,7,3
1240184,1,2,6,5,3,7,4
1240185,6,5,1,4,3,7,2
1240186,3,4,7,2,5,1,6
1240187,2,4,1,3,5,7,6
1240189,5,3,2,7,4,1,6
1240190,1,2,4,5,6,7,3
1240191,3,5,7,6,2,1,4
1240192,6,5,4,2,3,1,7
1240193,5,3,4,6,2,1,7
1240196,6,1,4,5,7,3,2
1240197,5,3,7,1,2,6,4
1240198,7,5,2,3,1,6,4
1240199,3,2,5,1,6,7,4
1240200,7,1,2,5,3,6,4
1240201,4,1,6,5,3,7,2
1240202,7,1,3,6,5,2,4
1240204,6,1,2,3,5,7,4
1240205,6,3,2,1,4,7,5
1240206,7,6,1,4,3,2,5
1240207,6,1,3,4,5,7,2
1240208,1,2,6,5,3,7,4
1240209,2,3,1,6,4,7,5
1240210,5,4,2,6,3,1,7
1240212,4,7,5,6,1,3,2
1240215,6,3,2,4,7,5,1
1240216,4,7,5,3,1,6,2
1240217,7,4,1,3,5,2,6
1240218,3,7,4,2,6,1,5
1240219,2,4,5,3,6,7,1
1240221,5,3,6,7,2,1,4
1240222,4,7,1,5,3,6,2
1240223,2,5,6,1,7,3,4
1240226,1,3,7,2,4,6,5
1247871,1,6,2,4,5,3,7
1247873,7,1,4,5,3,6,2
1287381,2,7,3,5,6,4,1
1287706,2,4,7,1,3,6,5
1290455,3,4,6,2,1,7,5
1290722,1,5,6,3,4,7,2
1290724,1,6,3,5,7,4,2
1290730,5,2,4,3,6,7,1
1290767,5,1,6,4,2,7,3
1290768,2,5,7,4,6,3,1
1290769,1,3,5,2,4,7,6
1290771,3,1,6,2,4,7,5
1290795,1,6,2,5,7,3,4
1290797,4,1,5,7,2,6,3
1290798,7,2,6,3,4,1,5
1290806,1,2,7,5,3,4,6
1290810,3,2,7,6,5,4,1
1290812,6,3,2,4,5,7,1
1290813,1,2,3,4,5,7,6
1290814,2,4,7,3,5,1,6
1290905,3,2,7,5,6,1,4
1290906,7,5,3,4,2,1,6
1290907,6,3,4,2,1,7,5
1290908,5,2,1,4,6,7,3
1290922,7,5,3,6,1,2,4
1295740,6,2,7,3,4,1,5
1295741,6,3,7,2,1,4,5
1297439,3,7,5,4,2,1,6
1297446,3,1,7,2,4,6,5
1297447,6,3,4,5,2,1,7
1297449,3,2,6,4,5,1,7
1298141,2,4,7,1,5,6,3
1298145,1,4,5,3,6,2,7
1298146,1,6,2,4,7,3,5
1298151,6,2,3,5,1,7,4
1298156,7,4,1,5,3,6,2
1298157,6,3,7,4,1,5,2
1298160,1,5,7,2,4,6,3
1298168,3,1,4,6,7,5,2
1298169,2,5,7,1,6,3,4
1298215,5,1,4,3,7,6,2
1298216,3,4,5,7,6,1,2
1298219,6,4,7,2,5,3,1
1298222,7,2,5,3,4,1,6
1298223,7,5,1,2,3,4,6
1298226,5,3,7,1,4,6,2
1298347,5,3,4,6,2,1,7
1298348,7,1,3,4,2,6,5
1298349,4,7,3,5,1,2,6
1298350,7,6,2,5,1,3,4
1298351,7,6,2,3,1,4,5
1298352,6,3,5,4,2,1,7
1298353,5,6,4,3,1,2,7
1298356,2,1,3,4,7,5,6
1298357,7,3,2,1,4,6,5
1298358,1,3,4,6,5,7,2
1298359,7,1,2,3,5,6,4
1298362,7,2,1,4,5,6,3
1298365,6,4,5,1,7,3,2
1298475,6,1,5,3,4,7,2
1298476,3,1,4,6,7,5,2
1298526,6,2,4,3,5,7,1
1298529,3,6,1,4,7,2,5
1298531,7,4,1,2,5,6,3
1298533,5,2,6,3,1,7,4
1298534,5,1,2,4,3,7,6
1298537,5,7,4,3,1,2,6
1298538,7,2,3,1,5,6,4
1298539,1,3,6,4,5,7,2
1299050,7,3,5,2,1,6,4
1299052,6,5,2,4,1,7,3
1299059,2,7,1,3,5,6,4
1299062,2,3,6,5,1,7,4
1299064,7,1,6,3,5,2,4
1299070,7,1,6,3,5,4,2
1299075,3,2,7,4,6,1,5
1299078,4,5,7,2,1,6,3
1299080,1,3,7,2,4,6,5
1299081,2,4,3,5,1,7,6
1303896,4,3,5,2,7,1,6
1303900,6,2,5,4,1,3,7
1303912,6,5,3,4,2,7,1
1322212,4,5,1,2,6,3,7
1322213,4,3,5,6,2,1,7
1322218,2,3,7,6,4,1,5
1322224,4,2,3,1,6,5,7
1323913,1,4,5,2,6,7,3
1327765,3,2,5,4,7,1,6
1327766,5,3,6,4,1,2,7
1327768,2,6,7,5,4,1,3
1327769,1,5,7,3,6,2,4
1327771,2,3,5,1,6,7,4
1327773,2,4,3,5,6,1,7
1327774,2,6,3,5,4,1,7
1327775,4,1,6,3,2,7,5
1330931,4,2,7,1,3,6,5
1330933,2,4,3,6,7,1,5
1330935,3,6,5,4,2,1,7
1330941,7,2,6,3,4,1,5
1330942,1,3,7,6,2,4,5
1330947,1,3,6,4,7,5,2
1330948,4,3,5,2,7,1,6
1330950,1,6,7,5,2,4,3
1330964,4,7,3,5,1,2,6
1330972,5,7,3,6,2,1,4
1330973,3,6,4,5,1,2,7
1330982,3,7,2,4,5,1,6
1330983,1,4,6,3,5,7,2
1330984,3,6,7,4,5,2,1
1330985,4,6,3,5,1,2,7
1330987,4,5,7,3,2,1,6
1330991,3,1,4,2,7,5,6
1330994,3,5,2,6,7,1,4
1330995,7,3,6,4,1,2,5
1331025,3,6,2,5,4,1,7
1331032,3,7,5,4,1,2,6
1331033,5,2,6,4,7,1,3
1331034,4,3,7,5,2,1,6
1331035,4,3,5,6,2,1,7
1331036,6,2,5,4,1,7,3
1331037,3,4,5,2,7,1,6
1331038,6,4,3,7,1,2,5
1331039,2,6,3,5,4,1,7
1331045,6,3,5,4,2,1,7
1331048,5,4,6,2,3,1,7
1331049,4,5,3,7,2,1,6
1331050,5,1,4,7,2,3,6
1479987,5,3,7,2,6,4,1
1479988,3,2,6,4,5,7,1
1479995,6,1,5,3,4,7,2
1480358,6,4,2,5,1,7,3
1480359,7,4,2,5,1,6,3
1480360,3,2,4,6,1,7,5
1480361,5,3,2,7,1,6,4
1480362,3,7,2,1,6,4,5
1480364,7,1,5,4,2,6,3
1480371,2,5,3,4,7,1,6
1480372,6,3,2,4,5,7,1
1480374,7,3,5,4,1,6,2
1503361,4,2,7,1,6,5,3
1503362,6,5,1,2,4,7,3
1503363,3,7,4,5,2,1,6
1503364,7,4,6,1,2,5,3
1503365,5,3,4,1,6,7,2
1503366,7,6,3,5,2,1,4
1503367,2,1,3,4,6,7,5
1503368,7,4,3,5,1,2,6
1503369,7,2,3,1,5,6,4
1503370,2,3,7,4,5,6,1
1503371,7,1,4,3,2,6,5
1509073,5,4,6,1,7,2,3
1509074,3,2,7,1,4,5,6
1524414,5,6,7,2,4,3,1
1524415,3,7,6,2,5,4,1
1524417,5,6,7,1,2,3,4
1524418,6,1,7,4,5,3,2
1524419,6,7,5,1,3,4,2
1659817,4,5,7,3,2,1,6
1659818,2,6,3,5,7,4,1
1659819,2,1,3,5,7,4,6
1659823,7,4,3,1,5,2,6
1660034,3,2,6,5,4,7,1
1660035,6,5,3,2,1,7,4
1660036,2,3,1,6,7,5,4
1674021,1,3,7,2,4,6,5
683665,4,3,7,2,6,1,5
683667,1,7,4,6,2,5,3
684052,2,3,7,6,5,1,4
684055,4,2,5,6,7,1,3
684057,2,6,5,4,7,1,3
684059,3,4,5,7,6,1,2
684062,2,7,6,3,5,1,4
684072,2,6,5,7,4,1,3
684681,4,5,2,7,1,6,3
687448,2,3,7,1,4,6,5
687452,7,6,3,5,1,2,4
687455,2,5,6,4,1,7,3
687457,6,5,2,4,7,3,1
687459,1,5,2,7,4,3,6
687505,7,4,3,5,1,6,2
687514,7,6,3,2,1,4,5
687561,2,6,4,7,1,3,5
687562,4,5,2,7,1,3,6
687568,1,7,4,3,5,6,2
687586,3,4,2,6,7,1,5
687588,1,4,3,7,6,5,2
687590,7,3,4,5,2,6,1
687592,1,5,2,4,7,6,3
687596,2,5,3,7,4,1,6
687600,7,3,4,5,2,1,6
687777,7,2,3,4,1,6,5
687780,1,5,3,2,7,6,4
687787,6,3,2,7,1,4,5
687798,7,3,1,5,4,6,2
687799,7,3,2,4,5,1,6
687802,7,1,2,3,5,6,4
687804,7,3,4,5,2,1,6
687807,7,1,4,2,5,3,6
687812,3,4,2,6,7,1,5
687815,7,4,2,3,5,1,6
687819,7,4,2,6,5,1,3
687820,4,1,6,5,3,7,2
687821,1,5,6,4,3,7,2
687829,7,5,3,4,6,1,2
687983,6,5,7,3,1,4,2
687985,2,6,3,5,1,4,7
687995,4,6,3,7,2,1,5
687997,6,3,4,5,2,1,7
688001,2,4,6,3,7,5,1
688006,5,6,3,4,2,1,7
688007,4,5,3,7,2,1,6
688010,3,1,4,7,5,6,2
688011,3,2,4,5,7,1,6
688013,4,7,3,6,5,1,2
688014,7,5,4,3,2,1,6
688018,5,7,3,6,1,2,4
688021,5,3,4,7,2,1,6
688023,7,3,4,5,2,1,6
688025,3,7,4,5,2,1,6
688026,2,6,3,5,1,4,7
688027,7,3,4,6,2,1,5
688031,3,7,5,4,2,1,6
688058,4,2,5,7,1,6,3
688086,7,6,2,1,3,4,5
688087,3,1,5,2,4,7,6
688121,3,6,2,1,7,4,5
713869,2,3,6,7,4,1,5
713878,5,3,2,6,7,1,4
713880,3,4,5,7,1,2,6
713885,5,3,4,6,2,1,7
713899,3,6,4,5,2,1,7
717431,4,7,1,2,6,5,3
722045,6,1,5,4,2,7,3
722046,6,4,1,5,2,7,3
722058,2,7,3,6,4,5,1
722066,1,5,7,2,6,3,4
724812,1,2,3,7,4,5,6
724825,4,3,6,2,1,7,5
724828,1,5,4,2,6,7,3
724831,5,2,6,1,3,7,4
724834,2,3,6,4,5,7,1
724838,2,6,4,7,3,5,1
724839,2,6,3,5,1,7,4
724855,5,1,6,4,2,7,3
724859,5,1,6,3,2,7,4
724863,5,2,4,3,1,7,6
724866,5,3,1,2,6,7,4
724868,2,3,1,4,6,7,5
724869,4,1,6,5,2,7,3
724870,1,6,3,2,5,7,4
724872,3,2,4,5,7,1,6
724873,3,2,4,6,1,7,5
724874,5,1,6,2,4,7,3
724878,3,1,6,5,2,7,4
724879,6,2,1,5,3,7,4
735784,6,3,1,2,4,7,5
749709,7,1,2,4,3,6,5
749710,4,3,1,2,6,7,5
749711,3,6,4,7,2,1,5
749712,1,7,5,6,4,3,2
749714,4,6,2,5,1,3,7
749715,6,5,3,4,2,1,7
749716,7,3,4,5,2,1,6
749717,5,3,4,6,2,1,7
753531,7,3,1,4,6,5,2
753532,3,1,6,5,4,7,2
753533,5,6,3,1,4,7,2
753534,3,5,2,4,6,1,7
753535,7,2,1,4,6,5,3
753538,7,3,2,5,4,6,1
753540,7,1,6,3,2,5,4
753541,7,3,1,2,5,6,4
753545,4,2,7,1,3,6,5
753546,3,2,6,4,5,7,1
753547,6,5,4,2,3,1,7
753548,2,6,4,3,5,1,7
753549,4,7,3,2,1,5,6
753551,4,6,3,7,2,1,5
753552,7,2,3,1,6,4,5
753554,4,1,2,5,6,7,3
753555,7,2,4,3,5,6,1
753556,6,3,5,2,4,7,1
753558,4,3,7,6,5,1,2
753561,6,3,4,5,1,2,7
753562,7,2,1,6,4,5,3
753563,2,3,5,4,1,7,6
753564,5,4,3,7,2,1,6
753565,4,3,6,7,2,1,5
753566,3,4,1,7,5,2,6
753569,6,3,2,5,4,7,1
753570,7,1,5,4,2,6,3
753572,1,4,2,7,5,3,6
753573,3,7,4,6,1,5,2
753574,7,1,2,3,6,4,5
753575,3,6,2,1,7,4,5
753576,6,5,1,4,7,2,3
753577,6,3,7,1,4,5,2
753578,7,2,6,3,1,5,4
753579,2,1,5,4,3,7,6
753581,3,6,2,4,1,7,5
753582,5,7,4,3,2,1,6
753583,7,6,4,5,1,3,2
753584,6,3,4,7,1,2,5
753585,7,2,3,5,1,6,4
753586,3,6,4,2,5,1,7
753588,3,5,4,7,2,1,6
753589,6,3,7,4,2,1,5
753592,5,3,2,4,7,6,1
753594,4,3,5,6,2,1,7
753595,4,2,6,3,5,7,1
753596,2,4,7,3,1,6,5
753599,6,5,4,3,2,1,7
753600,6,3,4,1,5,7,2
753604,7,1,4,5,2,6,3
753605,2,6,3,5,1,4,7
753607,5,3,4,7,2,1,6
753608,3,5,2,6,1,7,4
753610,3,7,5,6,4,1,2
753612,4,2,6,5,3,1,7
753614,7,3,4,5,6,2,1
753615,3,1,7,2,5,4,6
753616,1,6,3,2,7,5,4
753618,1,3,2,5,7,6,4
753621,7,3,6,2,1,5,4
753622,7,4,2,1,3,6,5
753623,1,2,4,5,6,7,3
753624,3,7,4,6,2,5,1
905933,6,4,2,7,3,1,5
905934,3,5,2,4,7,1,6
905935,7,1,3,4,2,5,6
905936,2,1,6,4,3,7,5
905937,2,5,6,3,7,1,4
905938,1,6,2,4,7,3,5
905939,1,4,6,2,5,7,3
905940,3,4,6,1,2,7,5
905941,4,1,7,5,6,2,3
905942,1,6,3,5,4,7,2
905944,7,5,4,3,1,2,6
905945,6,2,5,3,7,1,4
905946,2,4,6,5,7,1,3
905947,4,1,3,5,7,6,2
905948,2,5,4,6,1,7,3
905949,6,1,4,3,5,7,2
905950,7,4,6,2,1,5,3
905951,6,4,3,7,1,5,2
905952,2,4,5,3,7,1,6
905954,5,2,7,1,3,6,4
905955,2,5,6,3,4,7,1
905956,4,6,7,1,5,3,2
905957,2,6,1,3,7,5,4
905958,2,5,6,4,7,1,3
905959,6,1,7,5,4,3,2
905960,1,2,3,5,6,7,4
905961,3,1,5,2,4,7,6
905962,1,4,3,5,6,7,2
905963,7,5,6,2,3,4,1
905964,2,4,5,3,7,1,6
905967,7,4,5,3,2,1,6
905968,6,3,2,4,5,7,1
905969,3,5,2,4,6,7,1
905970,7,1,3,2,4,6,5
905971,1,6,2,5,3,4,7
905972,1,5,2,6,4,7,3
905973,3,6,2,5,4,7,1
905974,3,1,7,5,4,6,2
905975,2,1,7,5,4,6,3
905976,3,5,7,4,1,6,2
905977,4,1,7,5,3,6,2
905978,3,4,6,1,5,7,2
905979,5,1,7,4,2,6,3
905980,7,2,5,1,4,6,3
905981,4,1,5,7,2,6,3
905982,7,5,2,4,1,6,3
905983,1,4,2,7,3,6,5
905984,3,6,2,5,1,7,4
905985,6,2,1,4,5,3,7
905986,3,7,4,5,6,1,2
905989,6,2,5,1,7,3,4
905990,6,4,2,3,1,7,5
905991,5,4,2,7,1,3,6
906693,3,6,4,1,5,7,2
906696,1,3,7,2,5,6,4
906746,2,3,1,5,6,7,4
906763,5,2,7,3,6,1,4
906765,4,7,5,3,1,2,6
906790,1,6,2,4,7,3,5
906791,3,7,5,2,4,6,1
906792,1,7,2,5,3,4,6
906793,1,5,7,2,3,6,4
906794,4,5,1,6,2,3,7
906795,2,1,7,3,5,6,4
906797,6,5,2,7,1,4,3
906798,3,7,1,5,2,4,6
906800,2,3,7,5,6,1,4
906801,6,4,2,3,1,5,7
906804,2,6,4,5,1,7,3
906805,7,2,1,5,3,6,4
906807,3,6,2,4,7,1,5
906808,5,3,4,6,2,1,7
906812,7,2,4,5,1,3,6
906813,4,3,2,7,6,1,5
906814,2,4,3,1,5,7,6
906817,6,2,1,5,7,3,4
906818,4,5,7,2,3,6,1
906820,1,5,2,4,6,7,3
906821,7,1,6,3,5,4,2
906823,3,6,4,2,7,1,5
906824,6,7,3,5,2,1,4
906826,4,1,7,6,3,5,2
906827,3,4,7,2,1,6,5
906828,2,3,6,4,5,7,1
906830,1,5,7,3,4,6,2
906831,4,3,7,6,2,1,5
906832,6,2,5,3,7,1,4
906833,2,6,3,7,4,1,5
906834,3,6,2,5,7,1,4
906835,1,4,7,3,6,5,2
906836,4,3,5,6,1,2,7
906837,2,3,6,4,5,1,7
906838,4,2,5,3,7,1,6
906839,3,2,4,5,6,7,1
906841,5,2,1,7,3,4,6
906842,1,7,2,4,6,3,5
906843,7,5,3,6,1,2,4
906844,2,4,7,3,1,6,5
906846,4,7,5,3,2,1,6
906847,7,3,6,4,2,1,5
906848,3,4,2,5,1,7,6
906851,5,2,3,6,7,1,4
906852,3,2,7,4,5,6,1
906853,5,4,3,2,6,7,1
906854,1,5,7,2,6,3,4
906855,4,1,6,2,5,7,3
906856,3,1,6,2,5,7,4
906861,7,1,3,5,6,2,4
906862,2,6,3,7,4,1,5
906863,7,5,2,4,6,3,1
906864,7,6,3,2,1,4,5
906865,1,4,7,5,2,6,3
906868,6,2,4,5,7,1,3
906869,4,3,5,7,1,6,2
906870,6,3,7,4,1,2,5
906871,3,7,4,6,1,2,5
906873,2,6,3,5,7,4,1
906875,2,7,3,6,4,1,5
906877,4,5,7,6,3,1,2
906999,1,3,6,7,4,2,5
907000,2,7,3,6,1,4,5
907042,3,5,4,7,6,1,2
907043,7,4,6,2,1,3,5
907044,5,1,7,6,4,2,3
907045,7,6,5,3,2,1,4
907046,7,2,3,6,1,4,5
907047,6,2,5,7,4,1,3
907048,5,6,1,2,4,3,7
907050,3,1,6,5,2,7,4
907051,2,7,3,6,5,1,4
907055,2,4,3,6,7,1,5
907056,5,3,6,2,7,1,4
907057,2,5,3,4,7,1,6
907058,1,4,6,3,5,7,2
907059,7,2,1,5,3,6,4
907060,4,6,3,2,5,1,7
907061,7,1,2,5,3,6,4
907062,7,6,5,2,1,4,3
907064,1,3,2,6,5,7,4
907065,5,4,3,7,1,6,2
907066,7,4,6,5,1,3,2
907067,1,3,7,2,5,6,4
907068,7,4,2,6,1,5,3
907069,5,1,6,4,3,7,2
907071,1,3,6,5,4,7,2
907072,3,6,4,5,2,1,7
907073,1,5,6,7,3,2,4
907169,1,2,3,5,6,4,7
907170,5,6,3,7,1,2,4
907171,1,3,4,2,5,7,6
907172,1,3,7,5,4,6,2
907173,3,4,2,7,5,1,6
907175,6,4,7,3,1,2,5
907176,5,7,3,6,2,1,4
907268,5,2,6,4,3,1,7
907270,1,5,7,4,3,2,6
907271,2,4,3,1,5,7,6
907272,3,2,4,5,7,1,6
907273,2,7,3,5,4,1,6
907274,4,2,7,3,5,1,6
907275,5,2,6,1,3,7,4
907276,4,2,3,1,7,6,5
907277,2,5,7,3,6,1,4
907278,6,4,7,2,3,1,5
907279,1,4,7,2,6,5,3
907280,5,2,6,1,3,7,4
907281,2,1,3,6,4,5,7
907282,3,5,6,4,7,1,2
907285,4,5,2,1,6,7,3
907286,7,5,2,4,6,3,1
907287,4,1,5,7,2,6,3
907289,7,2,6,1,3,4,5
907290,2,3,6,1,5,7,4
907291,4,5,2,1,6,3,7
907295,4,1,6,5,7,2,3
907300,1,4,2,5,7,3,6
907311,3,1,6,4,2,7,5
907312,1,3,6,2,5,7,4
907313,5,3,1,6,4,7,2
907314,6,2,4,3,1,5,7
907317,5,1,2,4,6,3,7
907318,3,4,2,7,5,1,6
907319,6,3,2,7,4,1,5
907320,7,3,1,2,4,6,5
907321,5,6,2,4,3,1,7
907322,4,7,5,3,2,1,6
907323,3,5,7,6,2,1,4
907783,2,5,4,3,7,1,6
907786,2,3,1,6,7,5,4
907787,5,4,6,7,2,1,3
907788,2,4,7,6,3,1,5
907789,5,6,4,3,7,1,2
907790,5,2,6,1,4,7,3
907791,6,3,5,4,2,1,7
907792,6,1,2,3,5,7,4
907794,2,3,6,4,1,7,5
907795,3,5,2,1,6,7,4
907796,1,2,5,7,3,6,4
907799,5,3,6,4,2,1,7
908121,7,6,2,3,4,1,5
908122,7,2,4,6,1,3,5
908123,7,5,3,6,1,2,4
908124,1,4,7,5,2,6,3
908125,1,4,5,3,6,7,2
908126,4,2,7,3,1,6,5
908127,4,6,7,5,2,1,3
908128,1,4,6,2,3,7,5
908129,5,2,4,7,1,3,6
908130,1,3,6,7,5,2,4
908132,5,6,4,3,2,1,7
908136,6,2,5,3,7,1,4
908138,7,3,2,1,4,5,6
908139,2,1,3,5,6,4,7
908141,2,5,4,7,1,3,6
908142,4,5,7,2,6,1,3
908143,4,3,6,5,2,1,7
908144,4,7,3,5,1,2,6
908145,2,6,1,5,4,7,3
908146,3,1,5,4,6,7,2
908147,2,3,7,5,6,1,4
908148,5,2,7,4,3,1,6
908150,6,7,1,5,2,4,3
908151,4,2,5,6,3,1,7
908156,1,3,5,2,4,7,6
908158,4,5,3,2,6,1,7
908159,3,7,4,5,2,1,6
908443,3,6,2,4,7,1,5
908444,2,3,7,5,1,4,6
908445,5,7,4,1,3,6,2
908446,5,3,6,4,1,2,7
908447,2,6,3,5,7,4,1
908448,2,4,6,5,1,7,3
908449,1,4,7,5,3,6,2
908450,4,7,2,3,1,5,6
908451,7,3,4,1,5,2,6
908452,5,1,4,3,6,2,7
908454,5,6,3,7,2,4,1
908455,7,1,3,4,5,6,2
908457,6,1,4,3,5,7,2
908458,3,2,4,1,5,7,6
908459,6,2,3,7,1,5,4
908460,6,1,4,3,5,7,2
908461,7,5,6,4,1,2,3
908462,4,1,7,5,3,6,2
908463,7,4,1,2,5,3,6
908465,7,2,4,1,5,6,3
908467,3,6,4,5,2,1,7
908468,4,7,3,6,2,1,5
908469,7,3,6,4,1,2,5
908470,7,2,6,4,5,1,3
908471,2,6,5,7,4,1,3
908472,2,3,7,1,4,6,5
908473,6,1,5,4,3,7,2
908474,3,2,6,5,7,1,4
908475,4,1,7,2,6,5,3
908476,3,1,7,4,2,6,5
908482,7,1,4,2,3,6,5
908483,3,6,4,5,2,1,7
909248,1,4,6,2,5,7,3
909249,4,3,5,7,2,1,6
909250,2,6,1,4,7,3,5
909251,2,5,3,4,6,1,7
909252,3,5,2,7,6,1,4
909253,3,2,7,5,1,4,6
909255,1,7,2,4,6,3,5
909256,7,2,5,6,3,1,4
909257,5,4,7,6,1,2,3
909260,2,4,3,5,7,1,6
909262,3,5,4,6,2,1,7
909263,5,2,6,1,3,7,4
909264,4,1,6,5,2,7,3
909696,5,2,3,6,7,1,4
909697,2,4,7,3,5,1,6
909698,1,2,7,3,5,6,4
909699,7,1,5,4,3,6,2
909702,4,3,6,5,7,1,2
909703,2,3,5,6,7,1,4
909704,1,3,7,2,4,6,5
909706,4,3,7,1,5,6,2
909707,6,4,2,7,3,1,5
909708,6,3,1,4,5,7,2
909709,7,3,1,5,4,6,2
909711,3,6,5,7,2,1,4
909712,1,7,2,6,5,3,4
909713,5,1,7,3,4,6,2
909716,2,7,3,4,6,1,5
909717,2,4,5,3,7,6,1
909718,1,2,5,6,4,7,3
909719,1,3,4,6,5,7,2
909720,2,5,1,4,6,7,3
909721,1,2,5,4,7,6,3
909722,4,1,5,3,6,7,2
909723,4,2,7,3,1,6,5
909724,4,1,7,2,5,6,3
909725,5,3,7,4,2,6,1
909726,1,6,5,2,3,7,4
909727,4,5,7,6,1,3,2
909728,6,1,4,3,5,7,2
909729,3,7,5,4,6,1,2
909731,4,7,3,5,2,1,6
909732,2,6,5,7,4,1,3
909735,5,1,7,4,2,6,3
909736,2,5,1,4,6,7,3
909737,5,1,4,6,2,7,3
909738,7,1,4,3,5,6,2
909740,6,3,2,7,1,5,4
909743,4,3,5,6,2,1,7
909744,7,3,5,1,2,6,4
909745,2,4,3,1,5,7,6
909746,7,3,2,1,4,6,5
909747,6,1,7,3,2,5,4
909748,6,3,2,1,4,7,5
909749,4,1,6,2,5,7,3
909750,6,5,3,7,1,2,4
909751,6,5,4,3,1,7,2
909753,3,1,2,5,4,7,6
909754,3,1,5,4,2,6,7
909755,7,3,1,2,4,6,5
909756,2,3,7,1,4,6,5
909757,6,3,2,7,1,5,4
909758,3,1,2,5,7,6,4
909759,1,3,7,5,4,6,2
909761,6,2,3,5,1,7,4
909769,5,4,1,3,7,2,6
909770,4,2,6,3,1,7,5
909771,3,5,4,7,2,1,6
909773,4,2,6,3,7,1,5
909774,1,2,6,4,5,7,3
909776,2,6,1,5,4,7,3
909777,6,5,3,4,2,1,7
909778,7,3,1,6,4,5,2
909779,3,2,6,7,5,1,4
909780,1,2,3,6,7,4,5
909781,4,1,7,3,6,2,5
909784,1,5,4,2,3,7,6
909785,2,3,7,4,5,1,6
909904,5,1,6,3,4,7,2
909905,6,3,5,1,7,4,2
909907,7,4,6,3,2,1,5
909974,7,1,4,2,5,6,3
909975,6,7,2,5,1,3,4
909976,3,4,5,6,2,1,7
909977,3,5,4,6,1,2,7
910079,7,3,2,6,1,5,4
910209,4,2,3,5,7,1,6
910399,4,5,1,6,7,3,2
910401,4,5,3,2,6,1,7
910544,4,5,3,2,6,1,7
910546,2,5,6,3,1,7,4
910548,3,4,7,5,1,6,2
910549,7,4,2,1,6,5,3
910554,7,6,2,1,4,3,5
910566,7,5,6,3,2,1,4
910567,2,6,3,5,7,1,4
910568,2,5,4,1,6,7,3
910569,3,5,2,4,6,1,7
910687,6,4,3,2,5,1,7
910689,6,1,4,2,5,7,3
910691,4,5,3,6,2,1,7
910692,5,6,3,4,1,2,7
910694,5,4,3,6,1,2,7
910695,7,3,1,2,4,6,5
910697,7,5,1,3,6,2,4
910698,6,2,1,7,3,5,4
910700,6,3,2,1,4,5,7
910701,6,1,5,4,3,7,2
910702,3,1,5,2,6,7,4
910703,6,3,7,4,1,2,5
910704,7,6,3,4,2,5,1
910705,4,5,3,6,2,1,7
910706,3,6,5,2,4,1,7
910710,1,3,7,4,6,2,5
910779,5,3,7,1,2,6,4
910780,4,5,3,2,7,1,6
910781,1,5,4,6,3,2,7
910784,5,1,7,6,2,4,3
910849,7,5,3,4,2,1,6
910850,2,1,6,5,3,7,4
910851,1,2,7,5,3,4,6
910852,7,2,1,4,5,6,3
910853,7,2,6,3,1,5,4
910861,6,1,7,3,5,2,4
910899,5,4,3,6,2,1,7
910900,4,6,5,7,2,1,3
910903,1,6,2,4,7,3,5
910904,7,3,4,2,5,6,1
910905,4,1,5,2,6,7,3
910906,4,2,5,6,3,1,7
910907,7,5,1,4,3,6,2
910911,7,2,5,4,1,6,3
910915,6,2,4,1,5,7,3
910916,7,3,2,4,1,6,5
910919,6,3,7,4,1,2,5
910920,5,2,7,1,3,4,6
910921,1,4,7,2,3,6,5
910924,4,1,2,7,3,6,5
910925,7,1,3,6,4,2,5
910926,2,5,6,1,4,7,3
910927,2,3,6,7,4,1,5
910931,1,4,5,7,2,6,3
910932,3,1,6,4,2,7,5
910933,2,7,3,4,6,1,5
910934,3,6,2,1,4,5,7
910935,3,4,7,5,1,6,2
910936,7,2,4,1,3,6,5
910937,4,6,5,7,2,1,3
910942,1,7,2,4,5,3,6
910943,4,3,1,6,2,7,5
910944,3,5,2,4,6,1,7
910947,2,4,6,5,1,7,3
910948,1,3,4,7,5,2,6
910951,2,1,7,5,6,3,4
910952,7,4,2,1,6,3,5
917486,5,2,4,3,1,7,6
924100,4,3,6,2,7,1,5
924102,1,3,6,4,2,7,5
924104,1,2,7,4,5,6,3
924107,6,3,4,1,5,7,2
924108,7,1,2,4,5,3,6
924110,3,2,7,5,4,1,6
924111,6,1,4,5,2,7,3
924151,4,1,7,5,2,6,3
924186,5,2,3,6,7,4,1
924187,5,3,7,4,1,2,6
924188,2,1,7,5,3,6,4
924238,3,4,7,5,2,6,1
924239,3,4,2,5,6,1,7
924240,6,4,3,7,1,5,2
924244,7,2,5,1,4,6,3
924247,5,2,1,4,6,7,3
924250,7,4,5,2,1,3,6
925338,5,6,3,4,2,1,7
925339,2,1,7,3,4,6,5
925340,2,6,4,1,5,7,3
925341,5,4,3,7,2,1,6
925343,3,5,1,6,4,7,2
925345,4,1,5,3,2,6,7
925346,6,5,2,4,1,7,3
925347,6,5,2,4,3,1,7
925348,6,4,1,2,3,7,5
930082,6,2,3,4,1,7,5
930297,4,7,2,6,1,3,5
930298,6,7,3,5,1,2,4
930299,1,5,7,4,6,3,2
946353,4,5,3,6,2,1,7
946354,7,2,3,4,6,1,5
946355,7,4,3,6,5,1,2
946356,7,4,3,2,1,6,5
946357,6,5,3,7,1,2,4
946358,4,2,3,5,6,1,7
946359,7,2,6,5,3,1,4
946360,6,4,2,7,3,1,5
946361,3,1,4,2,5,7,6
946367,1,4,2,5,6,7,3
946368,2,5,1,4,6,7,3
946369,7,4,1,2,6,5,3
946370,3,5,1,4,6,7,2
946372,2,4,1,7,5,3,6
946373,6,2,5,4,3,7,1
946377,3,5,1,7,2,6,4
946382,3,5,2,4,6,1,7
949088,5,6,3,2,7,1,4
949090,5,4,2,6,1,7,3
949093,4,2,5,3,6,1,7
949094,2,6,4,7,1,3,5
949153,2,4,7,3,6,1,5
949155,2,5,3,7,6,1,4
949156,6,5,3,7,4,1,2
949157,4,5,6,3,7,1,2
949158,2,4,5,7,6,1,3
949160,4,6,3,7,2,1,5
949161,5,6,3,7,4,1,2
949163,2,6,3,7,5,1,4
949164,6,5,3,4,2,1,7
949165,4,3,2,6,7,1,5
949166,4,5,3,7,2,1,6
949167,4,6,2,7,5,1,3
949168,3,5,6,4,2,1,7
949170,3,1,2,5,6,7,4
949172,7,1,6,3,2,5,4
949173,3,1,4,6,7,5,2
949174,7,5,3,4,1,2,6
949175,3,4,2,7,6,1,5
949176,6,5,1,4,3,7,2
949177,2,5,6,3,4,1,7
949178,2,5,3,6,7,4,1
949179,1,7,2,4,6,5,3
971773,4,5,7,6,2,1,3
971777,4,6,1,2,7,5,3
998184,4,3,7,6,2,1,5
998189,6,1,2,4,5,7,3
