,Unnamed: 0,RMS,ParamNoise,BootRMS,Dropout,LinFullPost,NeuralLinear,BBB,NeuralLinear2,MultitaskGP,BBAlphaDiv,Clinical Guideline ,Uniform Sampling,Uniform Sampling 2
0,0,0.0,0.0,0.0,0.0,0.0,0.0,0.0,0.0,0.0,0.0,1.0,1.0,6.0
1,1,1.0,1.0,1.0,1.0,1.0,1.0,1.0,1.0,1.0,1.0,3.0,3.0,3.0
2,2,2.0,2.0,2.0,2.0,2.0,2.0,2.0,2.0,2.0,2.0,1.0,4.0,3.0
3,3,3.0,3.0,3.0,3.0,3.0,3.0,3.0,3.0,3.0,3.0,1.0,3.0,2.0
4,4,4.0,4.0,4.0,4.0,4.0,4.0,4.0,4.0,4.0,4.0,2.0,2.0,0.0
5,5,5.0,5.0,5.0,5.0,5.0,5.0,5.0,5.0,5.0,5.0,0.0,3.0,4.0
6,6,6.0,6.0,6.0,6.0,6.0,6.0,6.0,6.0,6.0,6.0,1.0,3.0,4.0
7,7,0.0,0.0,0.0,0.0,0.0,0.0,0.0,0.0,0.0,0.0,1.0,5.0,1.0
8,8,1.0,1.0,1.0,1.0,1.0,1.0,1.0,1.0,1.0,1.0,1.0,0.0,4.0
9,9,2.0,2.0,2.0,2.0,2.0,2.0,2.0,2.0,2.0,2.0,1.0,2.0,3.0
10,10,3.0,3.0,3.0,3.0,3.0,3.0,3.0,3.0,3.0,3.0,1.0,0.0,4.0
11,11,4.0,4.0,4.0,4.0,4.0,4.0,4.0,4.0,4.0,4.0,2.0,3.0,5.0
12,12,5.0,5.0,5.0,5.0,5.0,5.0,5.0,5.0,5.0,5.0,2.0,2.0,2.0
13,13,6.0,6.0,6.0,6.0,6.0,6.0,6.0,6.0,6.0,6.0,2.0,5.0,6.0
14,14,6.0,5.0,0.0,1.0,3.0,6.0,1.0,6.0,4.0,5.0,1.0,5.0,3.0
15,15,4.0,5.0,1.0,5.0,2.0,0.0,1.0,1.0,5.0,4.0,2.0,3.0,5.0
16,16,2.0,4.0,1.0,4.0,2.0,6.0,6.0,4.0,2.0,0.0,4.0,6.0,2.0
17,17,6.0,5.0,0.0,1.0,4.0,0.0,1.0,0.0,2.0,5.0,1.0,4.0,4.0
18,18,6.0,2.0,2.0,1.0,0.0,5.0,1.0,0.0,0.0,1.0,1.0,5.0,2.0
19,19,4.0,1.0,5.0,4.0,1.0,2.0,1.0,0.0,4.0,5.0,2.0,3.0,0.0
20,20,6.0,4.0,3.0,1.0,3.0,1.0,2.0,3.0,0.0,5.0,1.0,1.0,4.0
21,21,6.0,2.0,2.0,5.0,3.0,0.0,1.0,3.0,0.0,1.0,1.0,1.0,0.0
22,22,6.0,1.0,4.0,1.0,3.0,3.0,1.0,4.0,0.0,5.0,1.0,2.0,2.0
23,23,6.0,5.0,6.0,4.0,6.0,6.0,1.0,6.0,3.0,5.0,1.0,5.0,5.0
24,24,2.0,2.0,5.0,1.0,1.0,1.0,1.0,2.0,3.0,5.0,1.0,5.0,5.0
25,25,6.0,1.0,4.0,1.0,2.0,3.0,1.0,1.0,0.0,5.0,1.0,0.0,1.0
26,26,2.0,5.0,6.0,5.0,0.0,3.0,1.0,3.0,4.0,1.0,2.0,1.0,4.0
27,27,2.0,3.0,1.0,1.0,5.0,5.0,1.0,1.0,5.0,5.0,1.0,6.0,1.0
28,28,0.0,1.0,6.0,5.0,0.0,3.0,2.0,2.0,0.0,5.0,5.0,4.0,2.0
29,29,2.0,3.0,5.0,5.0,6.0,4.0,1.0,3.0,0.0,5.0,1.0,2.0,5.0
30,30,6.0,5.0,6.0,1.0,5.0,1.0,1.0,6.0,0.0,5.0,1.0,5.0,3.0
31,31,6.0,2.0,0.0,3.0,6.0,2.0,1.0,2.0,4.0,1.0,1.0,5.0,3.0
32,32,6.0,2.0,3.0,3.0,4.0,4.0,1.0,5.0,0.0,1.0,1.0,6.0,2.0
33,33,2.0,5.0,1.0,1.0,2.0,1.0,1.0,1.0,4.0,5.0,2.0,1.0,0.0
34,34,6.0,2.0,3.0,0.0,6.0,6.0,1.0,2.0,2.0,1.0,1.0,1.0,4.0
35,35,6.0,6.0,4.0,5.0,5.0,5.0,1.0,4.0,4.0,5.0,1.0,2.0,4.0
36,36,6.0,2.0,0.0,5.0,2.0,3.0,1.0,4.0,5.0,1.0,1.0,0.0,0.0
37,37,2.0,1.0,5.0,1.0,5.0,3.0,1.0,1.0,0.0,2.0,1.0,2.0,3.0
38,38,6.0,5.0,4.0,1.0,0.0,1.0,1.0,4.0,5.0,5.0,1.0,1.0,1.0
39,39,6.0,2.0,3.0,3.0,5.0,5.0,1.0,2.0,4.0,1.0,1.0,5.0,3.0
40,40,2.0,5.0,6.0,2.0,4.0,4.0,1.0,2.0,4.0,5.0,1.0,3.0,4.0
41,41,6.0,2.0,2.0,0.0,4.0,3.0,1.0,1.0,3.0,1.0,1.0,0.0,3.0
42,42,6.0,1.0,5.0,4.0,0.0,3.0,2.0,6.0,0.0,5.0,1.0,1.0,0.0
43,43,0.0,3.0,0.0,1.0,3.0,3.0,1.0,2.0,0.0,5.0,1.0,5.0,4.0
44,44,2.0,3.0,1.0,1.0,0.0,6.0,1.0,6.0,0.0,5.0,1.0,0.0,5.0
45,45,6.0,2.0,2.0,1.0,2.0,0.0,1.0,6.0,0.0,1.0,1.0,1.0,0.0
46,46,2.0,1.0,5.0,4.0,0.0,1.0,1.0,5.0,0.0,5.0,2.0,1.0,1.0
47,47,6.0,2.0,0.0,1.0,3.0,0.0,1.0,6.0,2.0,1.0,1.0,4.0,6.0
48,48,6.0,6.0,6.0,4.0,4.0,3.0,1.0,1.0,2.0,1.0,5.0,0.0,4.0
49,49,4.0,5.0,0.0,1.0,3.0,1.0,1.0,5.0,0.0,5.0,1.0,3.0,4.0
50,50,3.0,4.0,0.0,4.0,2.0,5.0,0.0,4.0,5.0,3.0,1.0,6.0,6.0
51,51,0.0,6.0,0.0,6.0,1.0,6.0,6.0,2.0,6.0,1.0,1.0,4.0,5.0
52,52,5.0,0.0,3.0,3.0,3.0,5.0,3.0,5.0,4.0,2.0,1.0,4.0,4.0
53,53,5.0,0.0,1.0,3.0,5.0,2.0,3.0,2.0,5.0,3.0,2.0,6.0,2.0
54,54,0.0,0.0,1.0,6.0,6.0,1.0,0.0,2.0,5.0,3.0,4.0,2.0,5.0
55,55,3.0,5.0,3.0,0.0,0.0,3.0,3.0,5.0,4.0,1.0,1.0,3.0,3.0
56,56,0.0,6.0,0.0,6.0,5.0,0.0,0.0,1.0,6.0,1.0,4.0,4.0,0.0
57,57,3.0,6.0,0.0,6.0,0.0,5.0,6.0,4.0,5.0,1.0,1.0,1.0,5.0
58,58,2.0,4.0,5.0,0.0,1.0,3.0,6.0,1.0,6.0,1.0,1.0,1.0,3.0
59,59,0.0,6.0,6.0,3.0,5.0,2.0,3.0,5.0,6.0,1.0,1.0,5.0,5.0
60,60,0.0,6.0,5.0,3.0,3.0,6.0,0.0,0.0,6.0,3.0,3.0,6.0,0.0
61,61,3.0,4.0,0.0,3.0,2.0,1.0,0.0,3.0,5.0,3.0,1.0,6.0,6.0
62,62,5.0,5.0,3.0,3.0,5.0,0.0,1.0,5.0,5.0,3.0,1.0,3.0,2.0
63,63,2.0,2.0,4.0,5.0,0.0,3.0,0.0,4.0,4.0,0.0,1.0,3.0,1.0
64,64,3.0,6.0,0.0,3.0,5.0,2.0,3.0,0.0,4.0,4.0,1.0,6.0,0.0
65,65,5.0,0.0,5.0,3.0,6.0,5.0,3.0,5.0,6.0,3.0,1.0,0.0,0.0
66,66,0.0,6.0,0.0,6.0,3.0,0.0,3.0,6.0,5.0,1.0,4.0,2.0,4.0
67,67,5.0,2.0,1.0,3.0,2.0,1.0,2.0,5.0,6.0,1.0,2.0,2.0,0.0
68,68,3.0,6.0,3.0,3.0,0.0,6.0,3.0,0.0,6.0,3.0,1.0,2.0,5.0
69,69,3.0,6.0,6.0,3.0,5.0,1.0,6.0,5.0,4.0,3.0,1.0,0.0,6.0
70,70,2.0,2.0,6.0,0.0,2.0,4.0,0.0,1.0,4.0,1.0,1.0,0.0,4.0
71,71,0.0,6.0,0.0,6.0,6.0,0.0,6.0,4.0,4.0,3.0,1.0,4.0,2.0
72,72,3.0,5.0,3.0,3.0,3.0,0.0,6.0,6.0,6.0,3.0,1.0,5.0,1.0
73,73,3.0,0.0,3.0,3.0,3.0,3.0,3.0,3.0,4.0,1.0,1.0,2.0,2.0
74,74,0.0,6.0,0.0,6.0,5.0,4.0,3.0,0.0,5.0,3.0,5.0,1.0,1.0
75,75,0.0,6.0,0.0,6.0,0.0,0.0,0.0,5.0,4.0,3.0,1.0,3.0,3.0
76,76,0.0,6.0,0.0,3.0,1.0,4.0,0.0,5.0,4.0,1.0,4.0,3.0,3.0
77,77,0.0,6.0,0.0,6.0,0.0,0.0,3.0,2.0,4.0,1.0,1.0,0.0,6.0
78,78,0.0,6.0,0.0,0.0,5.0,4.0,3.0,5.0,4.0,1.0,4.0,3.0,0.0
79,79,5.0,6.0,3.0,3.0,2.0,2.0,3.0,2.0,5.0,1.0,3.0,4.0,3.0
80,80,3.0,5.0,3.0,3.0,2.0,0.0,6.0,5.0,4.0,4.0,1.0,3.0,2.0
81,81,3.0,6.0,3.0,2.0,5.0,3.0,3.0,3.0,5.0,3.0,1.0,6.0,6.0
82,82,3.0,0.0,3.0,3.0,5.0,6.0,3.0,5.0,4.0,1.0,1.0,5.0,3.0
83,83,0.0,6.0,6.0,3.0,4.0,0.0,3.0,5.0,5.0,3.0,3.0,2.0,5.0
84,84,3.0,6.0,0.0,3.0,5.0,1.0,3.0,3.0,6.0,1.0,1.0,2.0,1.0
85,85,3.0,6.0,3.0,6.0,5.0,2.0,3.0,6.0,3.0,1.0,1.0,1.0,0.0
86,86,3.0,6.0,4.0,3.0,3.0,5.0,0.0,4.0,4.0,6.0,1.0,0.0,6.0
87,87,3.0,6.0,3.0,6.0,2.0,3.0,3.0,0.0,5.0,0.0,4.0,5.0,2.0
88,88,0.0,6.0,6.0,3.0,2.0,0.0,3.0,2.0,6.0,1.0,3.0,6.0,0.0
89,89,0.0,6.0,6.0,6.0,1.0,2.0,6.0,5.0,6.0,6.0,1.0,5.0,1.0
90,90,0.0,6.0,0.0,6.0,0.0,0.0,6.0,5.0,4.0,1.0,1.0,6.0,6.0
91,91,5.0,5.0,3.0,0.0,6.0,0.0,3.0,2.0,3.0,1.0,1.0,2.0,3.0
92,92,5.0,0.0,3.0,3.0,1.0,2.0,3.0,3.0,5.0,0.0,1.0,5.0,0.0
93,93,0.0,6.0,0.0,3.0,5.0,2.0,3.0,5.0,4.0,0.0,3.0,3.0,1.0
94,94,2.0,2.0,5.0,4.0,6.0,6.0,3.0,0.0,6.0,1.0,1.0,0.0,6.0
95,95,0.0,6.0,6.0,6.0,0.0,0.0,3.0,5.0,5.0,1.0,1.0,1.0,2.0
96,96,5.0,2.0,3.0,3.0,5.0,2.0,3.0,3.0,5.0,1.0,4.0,3.0,5.0
97,97,3.0,6.0,1.0,3.0,0.0,5.0,6.0,6.0,4.0,1.0,1.0,6.0,0.0
98,98,5.0,5.0,3.0,3.0,2.0,3.0,3.0,3.0,4.0,1.0,1.0,2.0,3.0
99,99,5.0,1.0,5.0,4.0,1.0,1.0,5.0,5.0,6.0,1.0,1.0,1.0,2.0
100,100,3.0,0.0,3.0,4.0,3.0,1.0,6.0,3.0,4.0,5.0,1.0,5.0,1.0
101,101,3.0,3.0,5.0,5.0,1.0,3.0,6.0,5.0,5.0,5.0,1.0,2.0,4.0
102,102,1.0,2.0,5.0,5.0,5.0,3.0,6.0,3.0,2.0,5.0,1.0,1.0,5.0
103,103,3.0,5.0,5.0,5.0,6.0,5.0,6.0,3.0,2.0,4.0,1.0,0.0,6.0
104,104,0.0,4.0,4.0,4.0,0.0,0.0,0.0,5.0,3.0,4.0,1.0,5.0,3.0
105,105,2.0,4.0,0.0,4.0,5.0,5.0,6.0,4.0,3.0,6.0,2.0,3.0,2.0
106,106,0.0,4.0,4.0,4.0,3.0,3.0,0.0,4.0,4.0,4.0,1.0,0.0,5.0
107,107,4.0,5.0,2.0,4.0,2.0,5.0,6.0,0.0,1.0,6.0,3.0,3.0,5.0
108,108,4.0,4.0,2.0,4.0,6.0,6.0,6.0,3.0,1.0,4.0,1.0,6.0,6.0
109,109,2.0,4.0,0.0,4.0,2.0,5.0,0.0,6.0,2.0,1.0,2.0,5.0,3.0
110,110,2.0,2.0,4.0,4.0,1.0,2.0,6.0,0.0,1.0,5.0,3.0,6.0,2.0
111,111,3.0,1.0,4.0,4.0,0.0,6.0,6.0,4.0,1.0,3.0,1.0,5.0,1.0
112,112,0.0,5.0,0.0,0.0,5.0,4.0,0.0,6.0,1.0,5.0,1.0,3.0,5.0
113,113,2.0,2.0,5.0,5.0,5.0,2.0,2.0,2.0,3.0,0.0,2.0,6.0,1.0
114,114,0.0,0.0,0.0,1.0,0.0,0.0,0.0,5.0,3.0,4.0,1.0,6.0,0.0
115,115,3.0,2.0,4.0,0.0,1.0,2.0,6.0,0.0,1.0,3.0,1.0,6.0,2.0
116,116,2.0,2.0,5.0,5.0,5.0,2.0,5.0,1.0,3.0,6.0,2.0,6.0,3.0
117,117,3.0,2.0,5.0,2.0,5.0,0.0,1.0,1.0,2.0,5.0,5.0,1.0,0.0
118,118,2.0,2.0,5.0,0.0,2.0,5.0,2.0,1.0,2.0,5.0,2.0,6.0,2.0
119,119,3.0,1.0,4.0,4.0,5.0,6.0,6.0,6.0,2.0,6.0,1.0,2.0,6.0
120,120,2.0,2.0,2.0,5.0,5.0,3.0,5.0,2.0,1.0,3.0,2.0,0.0,0.0
121,121,1.0,5.0,5.0,2.0,5.0,0.0,0.0,4.0,1.0,5.0,1.0,5.0,4.0
122,122,1.0,5.0,5.0,5.0,5.0,6.0,6.0,6.0,2.0,2.0,1.0,2.0,0.0
123,123,3.0,1.0,4.0,4.0,1.0,2.0,6.0,6.0,4.0,2.0,1.0,1.0,6.0
124,124,3.0,1.0,4.0,4.0,1.0,1.0,4.0,0.0,1.0,0.0,1.0,6.0,4.0
125,125,3.0,0.0,4.0,4.0,0.0,6.0,6.0,1.0,3.0,3.0,1.0,2.0,0.0
126,126,2.0,0.0,4.0,4.0,4.0,2.0,6.0,0.0,3.0,2.0,3.0,3.0,5.0
127,127,3.0,1.0,4.0,4.0,5.0,1.0,6.0,4.0,4.0,2.0,1.0,6.0,0.0
128,128,2.0,2.0,5.0,5.0,3.0,2.0,2.0,2.0,1.0,2.0,2.0,4.0,1.0
129,129,3.0,2.0,2.0,5.0,2.0,0.0,2.0,6.0,2.0,0.0,1.0,0.0,4.0
130,130,3.0,2.0,3.0,1.0,2.0,6.0,6.0,0.0,2.0,3.0,1.0,1.0,0.0
131,131,3.0,5.0,2.0,4.0,2.0,1.0,6.0,1.0,4.0,3.0,1.0,2.0,5.0
132,132,1.0,5.0,5.0,2.0,5.0,6.0,6.0,3.0,5.0,0.0,1.0,5.0,4.0
133,133,4.0,2.0,2.0,4.0,6.0,4.0,6.0,5.0,5.0,1.0,1.0,1.0,1.0
134,134,4.0,2.0,2.0,4.0,2.0,5.0,6.0,4.0,5.0,6.0,3.0,1.0,0.0
135,135,0.0,4.0,0.0,4.0,3.0,6.0,6.0,6.0,4.0,6.0,0.0,2.0,5.0
136,136,1.0,5.0,5.0,1.0,4.0,6.0,2.0,5.0,3.0,0.0,5.0,6.0,4.0
137,137,1.0,5.0,5.0,5.0,3.0,6.0,6.0,2.0,2.0,5.0,1.0,6.0,5.0
138,138,3.0,0.0,4.0,4.0,0.0,6.0,6.0,6.0,3.0,1.0,1.0,4.0,1.0
139,139,3.0,3.0,5.0,5.0,2.0,2.0,6.0,2.0,2.0,0.0,1.0,0.0,0.0
140,140,3.0,5.0,5.0,2.0,5.0,1.0,6.0,5.0,2.0,3.0,1.0,6.0,0.0
141,141,5.0,3.0,2.0,5.0,5.0,0.0,6.0,6.0,3.0,5.0,4.0,2.0,2.0
142,142,1.0,3.0,2.0,2.0,5.0,6.0,2.0,5.0,2.0,0.0,5.0,2.0,2.0
143,143,1.0,5.0,6.0,5.0,3.0,5.0,2.0,5.0,3.0,6.0,5.0,4.0,2.0
144,144,1.0,3.0,6.0,1.0,6.0,5.0,2.0,0.0,2.0,5.0,5.0,6.0,5.0
145,145,0.0,4.0,0.0,2.0,0.0,0.0,0.0,0.0,3.0,0.0,1.0,3.0,6.0
146,146,1.0,2.0,5.0,5.0,5.0,5.0,3.0,0.0,2.0,3.0,1.0,2.0,4.0
147,147,3.0,5.0,2.0,4.0,5.0,6.0,6.0,6.0,1.0,2.0,1.0,4.0,2.0
148,148,4.0,2.0,2.0,4.0,2.0,6.0,6.0,2.0,3.0,4.0,1.0,4.0,6.0
149,149,5.0,2.0,5.0,5.0,1.0,5.0,5.0,1.0,3.0,1.0,4.0,4.0,2.0
150,150,5.0,2.0,0.0,4.0,1.0,1.0,1.0,2.0,5.0,6.0,1.0,4.0,5.0
151,151,0.0,0.0,0.0,1.0,5.0,0.0,2.0,5.0,0.0,2.0,4.0,3.0,5.0
152,152,2.0,2.0,4.0,4.0,2.0,4.0,6.0,6.0,2.0,3.0,3.0,1.0,4.0
153,153,0.0,0.0,6.0,0.0,5.0,0.0,0.0,0.0,6.0,2.0,1.0,5.0,5.0
154,154,4.0,5.0,6.0,5.0,5.0,3.0,0.0,6.0,5.0,5.0,1.0,2.0,0.0
155,155,1.0,3.0,2.0,1.0,3.0,6.0,2.0,6.0,5.0,4.0,4.0,3.0,2.0
156,156,3.0,1.0,2.0,1.0,2.0,6.0,4.0,2.0,5.0,6.0,1.0,0.0,3.0
157,157,3.0,1.0,2.0,3.0,1.0,3.0,4.0,0.0,0.0,2.0,1.0,4.0,6.0
158,158,6.0,1.0,2.0,5.0,2.0,1.0,4.0,6.0,0.0,2.0,1.0,5.0,1.0
159,159,4.0,2.0,2.0,4.0,6.0,4.0,6.0,3.0,1.0,0.0,0.0,5.0,5.0
160,160,4.0,2.0,2.0,3.0,1.0,1.0,6.0,2.0,3.0,5.0,1.0,0.0,1.0
161,161,0.0,0.0,0.0,0.0,0.0,0.0,0.0,0.0,0.0,5.0,1.0,6.0,3.0
162,162,0.0,0.0,0.0,0.0,4.0,4.0,2.0,0.0,1.0,0.0,3.0,6.0,5.0
163,163,2.0,5.0,6.0,1.0,2.0,3.0,0.0,1.0,4.0,4.0,5.0,1.0,2.0
164,164,0.0,0.0,0.0,0.0,2.0,0.0,2.0,4.0,2.0,6.0,0.0,3.0,5.0
165,165,1.0,3.0,6.0,1.0,0.0,0.0,0.0,0.0,1.0,0.0,5.0,5.0,3.0
166,166,0.0,2.0,2.0,0.0,5.0,2.0,2.0,0.0,2.0,0.0,2.0,6.0,0.0
167,167,5.0,2.0,2.0,4.0,4.0,3.0,6.0,2.0,2.0,2.0,1.0,2.0,6.0
168,168,5.0,2.0,0.0,3.0,2.0,1.0,1.0,4.0,3.0,4.0,1.0,6.0,3.0
169,169,4.0,0.0,1.0,0.0,5.0,3.0,6.0,5.0,5.0,2.0,1.0,4.0,2.0
170,170,0.0,0.0,0.0,1.0,0.0,1.0,0.0,1.0,0.0,0.0,1.0,1.0,3.0
171,171,3.0,1.0,2.0,1.0,5.0,3.0,4.0,2.0,2.0,6.0,0.0,3.0,2.0
172,172,6.0,0.0,2.0,1.0,5.0,5.0,4.0,1.0,3.0,5.0,1.0,4.0,6.0
173,173,6.0,1.0,4.0,5.0,2.0,3.0,4.0,4.0,5.0,4.0,1.0,4.0,0.0
174,174,0.0,3.0,3.0,1.0,0.0,2.0,2.0,4.0,4.0,2.0,0.0,6.0,5.0
175,175,0.0,5.0,0.0,0.0,5.0,0.0,0.0,5.0,4.0,6.0,1.0,4.0,6.0
176,176,4.0,2.0,0.0,4.0,2.0,3.0,1.0,2.0,1.0,2.0,1.0,5.0,6.0
177,177,5.0,2.0,2.0,4.0,6.0,1.0,6.0,1.0,2.0,1.0,1.0,2.0,1.0
178,178,2.0,5.0,6.0,0.0,5.0,6.0,2.0,2.0,4.0,2.0,4.0,3.0,1.0
179,179,5.0,2.0,2.0,4.0,6.0,1.0,4.0,3.0,1.0,2.0,1.0,6.0,1.0
180,180,0.0,0.0,0.0,0.0,5.0,0.0,2.0,6.0,5.0,4.0,1.0,2.0,4.0
181,181,0.0,5.0,2.0,3.0,5.0,2.0,0.0,6.0,3.0,4.0,1.0,5.0,2.0
182,182,1.0,6.0,2.0,0.0,1.0,2.0,2.0,4.0,5.0,2.0,0.0,5.0,4.0
183,183,5.0,4.0,2.0,6.0,2.0,4.0,4.0,4.0,2.0,0.0,1.0,5.0,0.0
184,184,0.0,3.0,1.0,1.0,0.0,5.0,6.0,5.0,3.0,3.0,4.0,0.0,6.0
185,185,2.0,5.0,6.0,0.0,6.0,0.0,2.0,5.0,4.0,4.0,4.0,4.0,2.0
186,186,3.0,1.0,2.0,1.0,2.0,4.0,2.0,0.0,1.0,5.0,1.0,6.0,0.0
187,187,2.0,1.0,4.0,3.0,1.0,1.0,2.0,6.0,2.0,2.0,6.0,2.0,2.0
188,188,3.0,1.0,2.0,1.0,5.0,4.0,2.0,0.0,5.0,1.0,1.0,6.0,1.0
189,189,2.0,1.0,4.0,1.0,2.0,5.0,2.0,6.0,5.0,1.0,5.0,0.0,6.0
190,190,3.0,1.0,4.0,3.0,4.0,6.0,2.0,0.0,0.0,2.0,1.0,2.0,6.0
191,191,3.0,1.0,4.0,1.0,0.0,3.0,2.0,2.0,5.0,1.0,1.0,2.0,4.0
192,192,3.0,1.0,4.0,1.0,3.0,4.0,2.0,1.0,5.0,6.0,1.0,6.0,2.0
193,193,0.0,0.0,0.0,0.0,2.0,6.0,4.0,2.0,3.0,6.0,1.0,5.0,0.0
194,194,0.0,0.0,0.0,0.0,5.0,5.0,4.0,1.0,3.0,2.0,1.0,1.0,3.0
195,195,4.0,5.0,6.0,1.0,3.0,1.0,0.0,3.0,4.0,2.0,1.0,6.0,1.0
196,196,0.0,0.0,0.0,0.0,0.0,1.0,0.0,0.0,3.0,0.0,1.0,1.0,4.0
197,197,6.0,1.0,2.0,0.0,1.0,6.0,4.0,6.0,5.0,2.0,1.0,5.0,0.0
198,198,3.0,1.0,4.0,3.0,6.0,3.0,2.0,0.0,2.0,0.0,1.0,4.0,5.0
199,199,3.0,1.0,2.0,1.0,3.0,4.0,2.0,3.0,1.0,0.0,1.0,2.0,4.0
200,200,3.0,6.0,4.0,1.0,1.0,2.0,2.0,3.0,0.0,0.0,1.0,4.0,3.0
201,201,3.0,6.0,4.0,1.0,3.0,3.0,2.0,6.0,0.0,5.0,1.0,5.0,1.0
202,202,3.0,6.0,4.0,3.0,3.0,3.0,2.0,2.0,0.0,3.0,1.0,2.0,2.0
203,203,3.0,1.0,4.0,3.0,2.0,5.0,2.0,4.0,0.0,6.0,1.0,3.0,6.0
204,204,3.0,1.0,4.0,1.0,6.0,4.0,2.0,4.0,0.0,5.0,1.0,1.0,3.0
205,205,3.0,6.0,4.0,3.0,3.0,6.0,2.0,3.0,0.0,0.0,1.0,4.0,5.0
206,206,3.0,4.0,4.0,3.0,3.0,3.0,2.0,6.0,4.0,2.0,1.0,2.0,0.0
207,207,0.0,0.0,0.0,0.0,0.0,4.0,0.0,6.0,2.0,6.0,4.0,6.0,6.0
208,208,6.0,2.0,2.0,5.0,2.0,4.0,6.0,3.0,6.0,6.0,6.0,5.0,3.0
209,209,6.0,5.0,2.0,3.0,3.0,0.0,1.0,1.0,3.0,5.0,1.0,1.0,2.0
210,210,2.0,3.0,5.0,5.0,5.0,0.0,6.0,5.0,2.0,0.0,5.0,3.0,3.0
211,211,1.0,5.0,2.0,3.0,5.0,2.0,6.0,5.0,2.0,3.0,1.0,1.0,5.0
212,212,5.0,5.0,6.0,0.0,5.0,2.0,0.0,5.0,5.0,2.0,1.0,0.0,1.0
213,213,2.0,2.0,2.0,5.0,5.0,2.0,1.0,2.0,0.0,2.0,2.0,0.0,6.0
214,214,2.0,3.0,2.0,5.0,6.0,2.0,2.0,2.0,5.0,4.0,2.0,1.0,2.0
215,215,3.0,4.0,2.0,3.0,2.0,6.0,1.0,1.0,6.0,3.0,1.0,4.0,5.0
216,216,1.0,3.0,5.0,5.0,3.0,2.0,6.0,2.0,6.0,5.0,1.0,6.0,3.0
217,217,6.0,5.0,5.0,5.0,5.0,6.0,3.0,3.0,2.0,0.0,1.0,2.0,4.0
218,218,2.0,3.0,1.0,5.0,0.0,1.0,2.0,6.0,2.0,0.0,4.0,6.0,6.0
219,219,5.0,2.0,2.0,0.0,0.0,0.0,6.0,0.0,3.0,1.0,1.0,6.0,2.0
220,220,2.0,2.0,2.0,1.0,5.0,2.0,2.0,2.0,2.0,5.0,2.0,1.0,5.0
221,221,3.0,0.0,2.0,4.0,2.0,0.0,2.0,0.0,0.0,5.0,1.0,4.0,1.0
222,222,3.0,5.0,5.0,5.0,2.0,1.0,3.0,5.0,5.0,5.0,1.0,3.0,0.0
223,223,3.0,5.0,5.0,5.0,5.0,1.0,3.0,5.0,2.0,3.0,1.0,0.0,0.0
224,224,1.0,6.0,2.0,1.0,1.0,3.0,1.0,1.0,0.0,0.0,1.0,5.0,6.0
225,225,0.0,2.0,2.0,0.0,5.0,2.0,1.0,5.0,2.0,5.0,6.0,2.0,1.0
226,226,3.0,2.0,2.0,4.0,3.0,1.0,6.0,3.0,6.0,1.0,1.0,3.0,6.0
227,227,1.0,5.0,4.0,3.0,5.0,4.0,2.0,2.0,2.0,3.0,1.0,1.0,3.0
228,228,2.0,2.0,5.0,1.0,4.0,3.0,2.0,6.0,2.0,5.0,4.0,3.0,0.0
229,229,2.0,2.0,5.0,2.0,0.0,1.0,3.0,5.0,6.0,0.0,1.0,5.0,5.0
230,230,2.0,2.0,5.0,3.0,3.0,3.0,3.0,3.0,6.0,6.0,1.0,2.0,0.0
231,231,2.0,2.0,5.0,3.0,3.0,2.0,3.0,3.0,3.0,6.0,1.0,6.0,3.0
232,232,2.0,2.0,5.0,1.0,2.0,3.0,3.0,3.0,6.0,3.0,1.0,1.0,1.0
233,233,2.0,5.0,5.0,1.0,2.0,6.0,3.0,0.0,6.0,2.0,1.0,3.0,5.0
234,234,2.0,2.0,5.0,2.0,3.0,3.0,3.0,0.0,3.0,0.0,1.0,6.0,1.0
235,235,2.0,5.0,5.0,1.0,0.0,6.0,3.0,4.0,3.0,2.0,1.0,4.0,4.0
236,236,2.0,5.0,5.0,3.0,3.0,6.0,3.0,0.0,3.0,4.0,1.0,6.0,5.0
237,237,2.0,2.0,5.0,3.0,5.0,6.0,3.0,0.0,2.0,0.0,1.0,6.0,5.0
238,238,2.0,5.0,5.0,1.0,1.0,3.0,3.0,0.0,3.0,3.0,1.0,3.0,4.0
239,239,2.0,2.0,5.0,5.0,0.0,3.0,3.0,0.0,3.0,5.0,1.0,6.0,0.0
240,240,0.0,0.0,0.0,0.0,3.0,0.0,0.0,3.0,6.0,3.0,1.0,2.0,5.0
241,241,0.0,0.0,0.0,2.0,5.0,4.0,3.0,2.0,6.0,5.0,0.0,6.0,6.0
242,242,1.0,5.0,5.0,5.0,5.0,1.0,6.0,5.0,2.0,5.0,1.0,6.0,3.0
243,243,0.0,0.0,0.0,2.0,1.0,5.0,6.0,3.0,6.0,3.0,3.0,4.0,5.0
244,244,3.0,2.0,2.0,4.0,4.0,4.0,2.0,6.0,3.0,6.0,1.0,0.0,2.0
245,245,2.0,2.0,5.0,3.0,0.0,0.0,3.0,4.0,6.0,1.0,1.0,5.0,5.0
246,246,3.0,2.0,4.0,2.0,6.0,3.0,2.0,3.0,6.0,6.0,1.0,6.0,6.0
247,247,0.0,0.0,0.0,0.0,1.0,0.0,0.0,0.0,5.0,4.0,1.0,4.0,4.0
248,248,2.0,2.0,2.0,3.0,1.0,3.0,1.0,2.0,3.0,5.0,1.0,6.0,4.0
249,249,6.0,2.0,2.0,0.0,0.0,5.0,0.0,5.0,5.0,4.0,1.0,3.0,6.0
250,250,6.0,5.0,6.0,0.0,2.0,2.0,6.0,4.0,2.0,6.0,1.0,0.0,6.0
251,251,5.0,5.0,3.0,0.0,5.0,2.0,4.0,5.0,0.0,2.0,1.0,5.0,2.0
252,252,0.0,0.0,2.0,2.0,0.0,5.0,6.0,6.0,5.0,6.0,4.0,2.0,4.0
253,253,0.0,2.0,0.0,0.0,2.0,2.0,0.0,1.0,5.0,2.0,0.0,0.0,6.0
254,254,0.0,0.0,0.0,0.0,0.0,0.0,0.0,0.0,0.0,5.0,1.0,5.0,2.0
255,255,3.0,2.0,2.0,0.0,1.0,6.0,2.0,6.0,2.0,3.0,1.0,4.0,2.0
256,256,2.0,5.0,2.0,5.0,0.0,1.0,6.0,3.0,5.0,0.0,3.0,3.0,2.0
257,257,3.0,1.0,2.0,3.0,6.0,6.0,0.0,3.0,2.0,0.0,1.0,4.0,1.0
258,258,3.0,0.0,2.0,3.0,1.0,2.0,0.0,6.0,2.0,4.0,1.0,5.0,4.0
259,259,3.0,1.0,2.0,0.0,2.0,2.0,0.0,6.0,1.0,3.0,1.0,2.0,0.0
260,260,3.0,2.0,3.0,3.0,6.0,1.0,0.0,1.0,2.0,5.0,6.0,4.0,0.0
261,261,0.0,0.0,0.0,0.0,0.0,0.0,0.0,0.0,2.0,0.0,1.0,5.0,5.0
262,262,0.0,0.0,0.0,0.0,0.0,0.0,4.0,0.0,6.0,5.0,3.0,0.0,0.0
263,263,0.0,2.0,0.0,0.0,0.0,3.0,6.0,5.0,2.0,1.0,4.0,4.0,4.0
264,264,3.0,1.0,2.0,0.0,1.0,2.0,0.0,3.0,2.0,2.0,5.0,4.0,6.0
265,265,3.0,0.0,2.0,3.0,1.0,2.0,2.0,6.0,2.0,3.0,1.0,3.0,5.0
266,266,3.0,2.0,2.0,0.0,5.0,6.0,0.0,1.0,2.0,3.0,1.0,3.0,4.0
267,267,5.0,0.0,3.0,0.0,5.0,2.0,4.0,5.0,2.0,2.0,1.0,3.0,4.0
268,268,0.0,0.0,2.0,0.0,0.0,2.0,0.0,0.0,5.0,2.0,1.0,1.0,1.0
269,269,0.0,0.0,0.0,0.0,0.0,0.0,0.0,5.0,6.0,6.0,1.0,4.0,3.0
270,270,0.0,0.0,2.0,5.0,2.0,1.0,4.0,1.0,6.0,1.0,5.0,2.0,1.0
271,271,0.0,0.0,2.0,0.0,1.0,5.0,6.0,6.0,2.0,2.0,3.0,3.0,4.0
272,272,3.0,5.0,5.0,5.0,5.0,6.0,6.0,3.0,5.0,5.0,1.0,4.0,6.0
273,273,2.0,2.0,2.0,3.0,6.0,2.0,2.0,1.0,6.0,5.0,1.0,3.0,1.0
274,274,0.0,0.0,0.0,0.0,5.0,5.0,6.0,5.0,5.0,6.0,4.0,2.0,2.0
275,275,5.0,0.0,2.0,0.0,4.0,2.0,0.0,4.0,4.0,3.0,0.0,5.0,5.0
276,276,5.0,2.0,2.0,0.0,5.0,5.0,6.0,5.0,2.0,5.0,1.0,4.0,6.0
277,277,2.0,0.0,2.0,1.0,5.0,1.0,2.0,3.0,5.0,3.0,5.0,5.0,0.0
278,278,3.0,6.0,2.0,1.0,4.0,3.0,1.0,1.0,0.0,3.0,1.0,0.0,6.0
279,279,2.0,2.0,2.0,2.0,2.0,4.0,2.0,6.0,3.0,6.0,1.0,2.0,5.0
280,280,2.0,2.0,2.0,4.0,0.0,6.0,2.0,5.0,3.0,3.0,1.0,5.0,1.0
281,281,5.0,5.0,5.0,0.0,5.0,1.0,2.0,5.0,2.0,2.0,1.0,2.0,4.0
282,282,2.0,2.0,5.0,5.0,5.0,2.0,2.0,2.0,5.0,1.0,5.0,6.0,2.0
283,283,0.0,0.0,0.0,0.0,0.0,0.0,0.0,5.0,6.0,2.0,1.0,6.0,0.0
284,284,0.0,0.0,0.0,0.0,0.0,5.0,4.0,5.0,5.0,4.0,1.0,3.0,1.0
285,285,0.0,2.0,0.0,0.0,0.0,0.0,0.0,6.0,5.0,2.0,1.0,6.0,0.0
286,286,2.0,5.0,2.0,5.0,5.0,2.0,2.0,6.0,5.0,2.0,4.0,2.0,0.0
287,287,2.0,5.0,5.0,5.0,5.0,4.0,2.0,5.0,5.0,2.0,5.0,1.0,3.0
288,288,3.0,5.0,2.0,3.0,0.0,6.0,2.0,4.0,5.0,3.0,1.0,3.0,1.0
289,289,5.0,5.0,6.0,0.0,0.0,5.0,4.0,5.0,2.0,5.0,1.0,0.0,6.0
290,290,2.0,2.0,2.0,3.0,2.0,0.0,6.0,3.0,2.0,0.0,1.0,3.0,4.0
291,291,3.0,5.0,5.0,5.0,5.0,5.0,3.0,1.0,5.0,6.0,1.0,1.0,2.0
292,292,2.0,5.0,2.0,5.0,1.0,3.0,2.0,3.0,2.0,2.0,0.0,2.0,0.0
293,293,4.0,5.0,2.0,5.0,5.0,0.0,6.0,2.0,5.0,5.0,1.0,0.0,1.0
294,294,6.0,2.0,1.0,0.0,0.0,5.0,2.0,6.0,5.0,5.0,1.0,3.0,0.0
295,295,5.0,5.0,2.0,5.0,3.0,5.0,6.0,4.0,5.0,1.0,1.0,3.0,3.0
296,296,0.0,0.0,6.0,0.0,0.0,3.0,0.0,0.0,5.0,0.0,1.0,3.0,6.0
297,297,0.0,0.0,0.0,0.0,0.0,0.0,4.0,5.0,6.0,1.0,1.0,4.0,3.0
298,298,5.0,0.0,3.0,0.0,5.0,5.0,4.0,5.0,2.0,4.0,1.0,2.0,0.0
299,299,0.0,2.0,0.0,0.0,0.0,0.0,0.0,4.0,5.0,0.0,4.0,1.0,2.0
300,300,4.0,2.0,5.0,5.0,5.0,3.0,6.0,3.0,5.0,3.0,1.0,4.0,0.0
301,301,5.0,2.0,0.0,5.0,5.0,5.0,6.0,2.0,2.0,5.0,5.0,2.0,6.0
302,302,0.0,0.0,0.0,0.0,0.0,0.0,0.0,5.0,0.0,6.0,1.0,4.0,4.0
303,303,0.0,0.0,0.0,0.0,0.0,5.0,0.0,5.0,0.0,5.0,1.0,2.0,5.0
304,304,2.0,2.0,2.0,5.0,5.0,2.0,2.0,2.0,5.0,3.0,2.0,0.0,1.0
305,305,5.0,5.0,3.0,6.0,5.0,5.0,2.0,3.0,2.0,6.0,2.0,4.0,2.0
306,306,0.0,0.0,0.0,0.0,0.0,0.0,0.0,0.0,3.0,6.0,1.0,3.0,0.0
307,307,5.0,0.0,3.0,6.0,6.0,5.0,3.0,6.0,0.0,6.0,5.0,0.0,6.0
308,308,5.0,5.0,2.0,5.0,5.0,0.0,0.0,2.0,0.0,6.0,2.0,3.0,0.0
309,309,5.0,5.0,0.0,0.0,5.0,5.0,3.0,5.0,3.0,0.0,1.0,6.0,3.0
310,310,5.0,5.0,6.0,0.0,5.0,5.0,1.0,2.0,5.0,6.0,1.0,5.0,0.0
311,311,5.0,5.0,2.0,0.0,5.0,2.0,1.0,5.0,0.0,6.0,1.0,3.0,1.0
312,312,4.0,5.0,5.0,5.0,5.0,1.0,3.0,5.0,5.0,4.0,1.0,4.0,6.0
313,313,4.0,5.0,5.0,5.0,3.0,0.0,3.0,4.0,5.0,2.0,1.0,1.0,2.0
314,314,5.0,0.0,0.0,0.0,5.0,5.0,0.0,5.0,5.0,5.0,1.0,6.0,6.0
315,315,5.0,5.0,0.0,0.0,5.0,5.0,3.0,5.0,2.0,6.0,1.0,0.0,6.0
316,316,1.0,6.0,2.0,6.0,6.0,3.0,1.0,5.0,5.0,3.0,1.0,1.0,2.0
317,317,3.0,5.0,5.0,5.0,5.0,3.0,6.0,5.0,5.0,5.0,1.0,5.0,6.0
318,318,2.0,2.0,2.0,5.0,5.0,2.0,2.0,2.0,5.0,1.0,2.0,3.0,2.0
319,319,2.0,2.0,2.0,5.0,5.0,2.0,2.0,2.0,5.0,3.0,2.0,4.0,4.0
320,320,2.0,0.0,3.0,3.0,2.0,2.0,3.0,2.0,5.0,6.0,3.0,6.0,5.0
321,321,5.0,2.0,2.0,5.0,5.0,5.0,2.0,3.0,5.0,6.0,2.0,2.0,3.0
322,322,6.0,2.0,2.0,3.0,3.0,2.0,6.0,3.0,2.0,6.0,1.0,3.0,3.0
323,323,3.0,1.0,2.0,1.0,1.0,3.0,1.0,0.0,3.0,4.0,1.0,4.0,4.0
324,324,4.0,5.0,5.0,5.0,3.0,2.0,0.0,5.0,5.0,1.0,1.0,1.0,3.0
325,325,2.0,2.0,2.0,5.0,2.0,2.0,2.0,1.0,5.0,5.0,2.0,1.0,5.0
326,326,2.0,2.0,2.0,1.0,1.0,3.0,2.0,4.0,5.0,2.0,1.0,3.0,4.0
327,327,3.0,1.0,2.0,3.0,1.0,1.0,1.0,0.0,3.0,2.0,1.0,6.0,4.0
328,328,3.0,1.0,2.0,1.0,2.0,6.0,6.0,4.0,0.0,5.0,5.0,2.0,0.0
329,329,1.0,5.0,3.0,5.0,4.0,6.0,1.0,3.0,4.0,6.0,0.0,2.0,6.0
330,330,5.0,0.0,0.0,0.0,3.0,5.0,2.0,5.0,3.0,5.0,1.0,3.0,5.0
331,331,0.0,0.0,0.0,0.0,0.0,5.0,0.0,5.0,0.0,6.0,1.0,0.0,1.0
332,332,2.0,2.0,2.0,2.0,4.0,4.0,2.0,1.0,4.0,0.0,4.0,5.0,4.0
333,333,5.0,5.0,2.0,0.0,0.0,2.0,6.0,5.0,1.0,0.0,1.0,3.0,6.0
334,334,5.0,5.0,2.0,5.0,5.0,0.0,6.0,5.0,4.0,5.0,1.0,3.0,5.0
335,335,5.0,5.0,2.0,6.0,0.0,4.0,0.0,3.0,2.0,6.0,4.0,1.0,4.0
336,336,5.0,2.0,2.0,0.0,1.0,5.0,2.0,0.0,5.0,4.0,1.0,6.0,5.0
337,337,0.0,0.0,2.0,3.0,0.0,5.0,2.0,0.0,0.0,5.0,3.0,0.0,1.0
338,338,0.0,0.0,0.0,0.0,0.0,0.0,2.0,1.0,0.0,2.0,3.0,5.0,2.0
339,339,0.0,0.0,0.0,0.0,5.0,5.0,0.0,0.0,2.0,5.0,4.0,6.0,3.0
340,340,0.0,0.0,0.0,0.0,0.0,0.0,0.0,5.0,0.0,2.0,4.0,4.0,6.0
341,341,0.0,0.0,0.0,0.0,2.0,5.0,0.0,0.0,0.0,2.0,1.0,1.0,2.0
342,342,0.0,0.0,0.0,0.0,0.0,4.0,0.0,6.0,0.0,5.0,4.0,0.0,1.0
343,343,6.0,2.0,2.0,3.0,6.0,2.0,6.0,1.0,1.0,3.0,1.0,1.0,5.0
344,344,2.0,2.0,2.0,3.0,6.0,2.0,6.0,4.0,6.0,5.0,1.0,6.0,0.0
345,345,2.0,2.0,2.0,2.0,2.0,6.0,2.0,4.0,1.0,5.0,1.0,4.0,6.0
346,346,2.0,2.0,2.0,2.0,2.0,4.0,6.0,2.0,2.0,0.0,1.0,6.0,3.0
347,347,4.0,4.0,2.0,2.0,3.0,6.0,2.0,4.0,4.0,2.0,1.0,3.0,4.0
348,348,5.0,0.0,2.0,2.0,5.0,6.0,2.0,0.0,4.0,1.0,1.0,4.0,3.0
349,349,6.0,2.0,4.0,5.0,2.0,4.0,6.0,4.0,1.0,1.0,5.0,6.0,2.0
350,350,5.0,2.0,2.0,2.0,5.0,3.0,6.0,5.0,6.0,3.0,1.0,2.0,6.0
351,351,2.0,2.0,2.0,5.0,5.0,2.0,2.0,2.0,5.0,4.0,2.0,1.0,0.0
352,352,2.0,5.0,2.0,1.0,5.0,2.0,2.0,2.0,2.0,5.0,2.0,1.0,6.0
353,353,2.0,3.0,5.0,5.0,4.0,0.0,3.0,6.0,1.0,1.0,5.0,6.0,6.0
354,354,6.0,4.0,2.0,2.0,3.0,6.0,2.0,4.0,3.0,2.0,1.0,2.0,6.0
355,355,2.0,2.0,2.0,2.0,2.0,6.0,2.0,6.0,2.0,6.0,1.0,4.0,3.0
356,356,2.0,2.0,2.0,3.0,2.0,4.0,6.0,2.0,3.0,0.0,1.0,0.0,0.0
357,357,6.0,2.0,2.0,2.0,1.0,1.0,2.0,2.0,6.0,2.0,1.0,3.0,2.0
358,358,2.0,2.0,2.0,2.0,6.0,4.0,6.0,6.0,6.0,0.0,3.0,1.0,6.0
359,359,2.0,2.0,2.0,2.0,2.0,4.0,2.0,1.0,3.0,4.0,4.0,1.0,5.0
360,360,5.0,2.0,2.0,2.0,2.0,5.0,6.0,5.0,2.0,4.0,1.0,4.0,3.0
361,361,5.0,5.0,0.0,0.0,4.0,5.0,3.0,5.0,0.0,4.0,1.0,1.0,1.0
362,362,2.0,2.0,2.0,4.0,5.0,1.0,6.0,0.0,2.0,1.0,3.0,4.0,5.0
363,363,0.0,2.0,2.0,2.0,0.0,0.0,2.0,6.0,2.0,3.0,1.0,5.0,4.0
364,364,3.0,6.0,2.0,3.0,5.0,3.0,1.0,4.0,3.0,4.0,1.0,0.0,0.0
365,365,5.0,4.0,2.0,2.0,5.0,5.0,6.0,5.0,2.0,0.0,1.0,5.0,0.0
366,366,5.0,2.0,3.0,5.0,3.0,6.0,3.0,3.0,2.0,3.0,1.0,2.0,0.0
367,367,2.0,5.0,5.0,6.0,5.0,2.0,2.0,4.0,2.0,1.0,5.0,1.0,4.0
368,368,5.0,4.0,2.0,0.0,0.0,0.0,3.0,5.0,4.0,6.0,1.0,4.0,6.0
369,369,2.0,2.0,2.0,2.0,2.0,4.0,2.0,6.0,2.0,4.0,1.0,6.0,0.0
370,370,0.0,0.0,0.0,0.0,4.0,5.0,0.0,4.0,1.0,2.0,0.0,3.0,1.0
371,371,2.0,2.0,2.0,2.0,3.0,0.0,6.0,1.0,3.0,2.0,3.0,1.0,4.0
372,372,5.0,2.0,1.0,6.0,0.0,0.0,3.0,4.0,4.0,0.0,1.0,0.0,4.0
373,373,5.0,5.0,1.0,1.0,4.0,0.0,3.0,2.0,3.0,2.0,1.0,0.0,2.0
374,374,2.0,2.0,2.0,3.0,6.0,2.0,6.0,1.0,3.0,3.0,6.0,0.0,4.0
375,375,2.0,2.0,2.0,2.0,2.0,0.0,6.0,6.0,4.0,6.0,1.0,0.0,2.0
376,376,5.0,5.0,5.0,5.0,2.0,1.0,3.0,4.0,1.0,3.0,1.0,0.0,5.0
377,377,0.0,4.0,0.0,0.0,0.0,6.0,2.0,0.0,3.0,0.0,1.0,6.0,0.0
378,378,2.0,5.0,3.0,5.0,4.0,6.0,1.0,5.0,1.0,2.0,0.0,2.0,0.0
379,379,0.0,0.0,0.0,0.0,0.0,0.0,0.0,0.0,0.0,6.0,1.0,6.0,1.0
380,380,0.0,2.0,2.0,2.0,3.0,6.0,2.0,1.0,3.0,2.0,1.0,4.0,3.0
381,381,0.0,4.0,0.0,0.0,0.0,4.0,2.0,5.0,0.0,0.0,4.0,4.0,0.0
382,382,5.0,5.0,5.0,3.0,0.0,5.0,2.0,6.0,4.0,3.0,1.0,2.0,0.0
383,383,5.0,5.0,0.0,0.0,4.0,0.0,3.0,0.0,2.0,4.0,1.0,0.0,5.0
384,384,1.0,6.0,2.0,1.0,2.0,6.0,2.0,1.0,5.0,2.0,1.0,1.0,0.0
385,385,1.0,1.0,2.0,3.0,6.0,6.0,6.0,2.0,1.0,6.0,5.0,1.0,0.0
386,386,2.0,2.0,5.0,5.0,6.0,5.0,2.0,0.0,5.0,2.0,5.0,0.0,2.0
387,387,6.0,2.0,1.0,1.0,0.0,1.0,6.0,6.0,1.0,6.0,4.0,4.0,0.0
388,388,5.0,2.0,2.0,2.0,5.0,4.0,6.0,5.0,6.0,2.0,1.0,1.0,2.0
389,389,0.0,0.0,0.0,0.0,5.0,0.0,3.0,4.0,3.0,0.0,3.0,1.0,0.0
390,390,5.0,2.0,2.0,2.0,5.0,2.0,6.0,0.0,3.0,6.0,1.0,2.0,5.0
391,391,5.0,5.0,2.0,0.0,6.0,5.0,4.0,5.0,5.0,2.0,1.0,4.0,2.0
392,392,5.0,6.0,2.0,6.0,2.0,3.0,2.0,6.0,2.0,0.0,1.0,0.0,4.0
393,393,0.0,0.0,0.0,0.0,1.0,0.0,2.0,3.0,0.0,6.0,4.0,4.0,1.0
394,394,0.0,4.0,0.0,0.0,0.0,0.0,2.0,0.0,0.0,4.0,4.0,4.0,2.0
395,395,0.0,0.0,0.0,0.0,5.0,6.0,2.0,3.0,3.0,0.0,4.0,2.0,2.0
396,396,0.0,0.0,0.0,0.0,0.0,6.0,2.0,6.0,1.0,1.0,4.0,5.0,6.0
397,397,0.0,0.0,0.0,0.0,0.0,5.0,0.0,6.0,3.0,5.0,0.0,6.0,2.0
398,398,0.0,0.0,0.0,0.0,4.0,5.0,2.0,5.0,0.0,0.0,4.0,6.0,4.0
399,399,0.0,0.0,0.0,0.0,1.0,0.0,0.0,5.0,3.0,2.0,0.0,0.0,6.0
400,400,0.0,0.0,0.0,0.0,0.0,0.0,0.0,3.0,0.0,5.0,4.0,6.0,0.0
401,401,0.0,0.0,0.0,0.0,0.0,0.0,0.0,5.0,5.0,0.0,4.0,2.0,4.0
402,402,5.0,0.0,5.0,0.0,0.0,0.0,0.0,0.0,5.0,0.0,1.0,5.0,5.0
403,403,0.0,0.0,0.0,0.0,0.0,0.0,0.0,6.0,4.0,4.0,0.0,4.0,6.0
404,404,6.0,2.0,2.0,3.0,2.0,2.0,2.0,3.0,1.0,6.0,1.0,5.0,5.0
405,405,2.0,1.0,2.0,3.0,1.0,2.0,6.0,6.0,2.0,6.0,1.0,4.0,5.0
406,406,6.0,2.0,2.0,6.0,4.0,3.0,2.0,3.0,1.0,1.0,4.0,2.0,4.0
407,407,6.0,2.0,2.0,2.0,1.0,2.0,2.0,2.0,1.0,0.0,1.0,2.0,6.0
408,408,5.0,2.0,2.0,2.0,5.0,6.0,2.0,5.0,0.0,5.0,1.0,0.0,5.0
409,409,3.0,6.0,2.0,6.0,6.0,5.0,0.0,4.0,3.0,1.0,1.0,2.0,1.0
410,410,2.0,0.0,3.0,1.0,1.0,5.0,3.0,4.0,4.0,0.0,3.0,5.0,4.0
411,411,5.0,2.0,1.0,3.0,5.0,5.0,6.0,4.0,4.0,6.0,1.0,0.0,6.0
412,412,2.0,5.0,5.0,5.0,2.0,2.0,1.0,4.0,5.0,5.0,1.0,3.0,0.0
413,413,2.0,5.0,5.0,5.0,1.0,2.0,1.0,5.0,5.0,1.0,1.0,1.0,6.0
414,414,3.0,1.0,2.0,1.0,1.0,6.0,0.0,0.0,3.0,2.0,1.0,4.0,2.0
415,415,5.0,5.0,5.0,0.0,4.0,5.0,2.0,6.0,5.0,5.0,1.0,5.0,6.0
416,416,5.0,2.0,1.0,3.0,5.0,1.0,1.0,5.0,3.0,0.0,1.0,4.0,2.0
417,417,2.0,0.0,2.0,1.0,4.0,1.0,3.0,1.0,4.0,0.0,1.0,0.0,6.0
418,418,0.0,0.0,0.0,0.0,0.0,0.0,0.0,0.0,5.0,5.0,1.0,2.0,2.0
419,419,0.0,0.0,0.0,0.0,4.0,0.0,0.0,0.0,5.0,1.0,1.0,6.0,5.0
420,420,4.0,2.0,2.0,2.0,2.0,6.0,2.0,6.0,1.0,1.0,1.0,6.0,5.0
421,421,1.0,5.0,5.0,5.0,3.0,2.0,2.0,5.0,5.0,4.0,5.0,1.0,2.0
422,422,5.0,0.0,0.0,0.0,4.0,0.0,0.0,0.0,5.0,1.0,1.0,1.0,3.0
423,423,3.0,4.0,2.0,3.0,6.0,6.0,0.0,4.0,3.0,6.0,1.0,6.0,0.0
424,424,3.0,5.0,1.0,3.0,5.0,5.0,1.0,5.0,5.0,5.0,1.0,2.0,5.0
425,425,2.0,2.0,2.0,5.0,0.0,2.0,2.0,5.0,1.0,5.0,0.0,1.0,0.0
426,426,2.0,5.0,3.0,5.0,4.0,6.0,2.0,3.0,4.0,6.0,0.0,4.0,3.0
427,427,0.0,0.0,3.0,0.0,1.0,5.0,6.0,0.0,0.0,0.0,3.0,1.0,4.0
428,428,3.0,2.0,1.0,5.0,5.0,6.0,3.0,5.0,2.0,6.0,1.0,2.0,1.0
429,429,3.0,2.0,1.0,3.0,5.0,6.0,3.0,4.0,4.0,4.0,1.0,4.0,4.0
430,430,4.0,2.0,2.0,2.0,6.0,2.0,2.0,3.0,2.0,4.0,1.0,3.0,3.0
431,431,5.0,6.0,2.0,3.0,5.0,6.0,0.0,5.0,4.0,5.0,6.0,4.0,3.0
432,432,2.0,2.0,2.0,5.0,2.0,2.0,2.0,1.0,5.0,0.0,2.0,6.0,3.0
433,433,2.0,2.0,2.0,3.0,6.0,3.0,6.0,6.0,4.0,3.0,1.0,4.0,4.0
434,434,5.0,5.0,0.0,0.0,5.0,5.0,3.0,5.0,2.0,6.0,1.0,2.0,2.0
435,435,0.0,5.0,0.0,0.0,5.0,0.0,0.0,0.0,5.0,4.0,1.0,0.0,3.0
436,436,0.0,0.0,3.0,5.0,4.0,5.0,2.0,2.0,0.0,1.0,3.0,4.0,3.0
437,437,5.0,5.0,2.0,5.0,3.0,2.0,2.0,1.0,2.0,4.0,6.0,0.0,0.0
438,438,5.0,6.0,0.0,5.0,5.0,6.0,3.0,2.0,0.0,5.0,5.0,3.0,0.0
439,439,3.0,2.0,2.0,1.0,1.0,6.0,0.0,0.0,3.0,2.0,1.0,3.0,4.0
440,440,3.0,1.0,2.0,1.0,1.0,5.0,0.0,6.0,6.0,1.0,1.0,2.0,3.0
441,441,3.0,1.0,2.0,1.0,6.0,3.0,0.0,6.0,6.0,4.0,1.0,5.0,5.0
442,442,3.0,1.0,2.0,1.0,6.0,6.0,0.0,2.0,1.0,5.0,1.0,0.0,6.0
443,443,5.0,5.0,0.0,0.0,4.0,5.0,1.0,6.0,5.0,5.0,1.0,0.0,2.0
444,444,5.0,5.0,5.0,5.0,3.0,5.0,0.0,0.0,5.0,5.0,1.0,5.0,6.0
445,445,5.0,2.0,5.0,3.0,5.0,5.0,6.0,0.0,4.0,6.0,1.0,6.0,5.0
446,446,5.0,5.0,3.0,3.0,2.0,1.0,1.0,1.0,4.0,2.0,1.0,2.0,6.0
447,447,2.0,2.0,2.0,5.0,1.0,2.0,2.0,2.0,5.0,5.0,2.0,4.0,0.0
448,448,6.0,6.0,2.0,3.0,3.0,1.0,2.0,6.0,1.0,0.0,1.0,5.0,2.0
449,449,6.0,2.0,2.0,2.0,2.0,2.0,2.0,3.0,3.0,6.0,1.0,1.0,1.0
450,450,6.0,0.0,4.0,0.0,6.0,1.0,6.0,6.0,3.0,5.0,1.0,0.0,1.0
451,451,5.0,1.0,0.0,6.0,6.0,3.0,6.0,6.0,3.0,0.0,5.0,4.0,5.0
452,452,1.0,5.0,5.0,5.0,0.0,5.0,6.0,5.0,5.0,3.0,5.0,3.0,2.0
453,453,6.0,0.0,4.0,5.0,3.0,3.0,6.0,3.0,3.0,5.0,4.0,1.0,3.0
454,454,6.0,0.0,0.0,0.0,1.0,3.0,6.0,3.0,3.0,1.0,4.0,4.0,5.0
455,455,6.0,0.0,0.0,3.0,1.0,6.0,6.0,4.0,3.0,0.0,4.0,5.0,0.0
456,456,6.0,3.0,3.0,1.0,6.0,1.0,2.0,3.0,5.0,0.0,3.0,5.0,6.0
457,457,6.0,0.0,4.0,0.0,1.0,6.0,6.0,6.0,3.0,3.0,4.0,2.0,3.0
458,458,0.0,0.0,0.0,0.0,1.0,0.0,0.0,0.0,0.0,5.0,1.0,2.0,5.0
459,459,2.0,2.0,2.0,5.0,5.0,2.0,2.0,2.0,2.0,2.0,2.0,6.0,4.0
460,460,5.0,2.0,2.0,2.0,2.0,5.0,2.0,6.0,2.0,6.0,1.0,4.0,3.0
461,461,0.0,4.0,0.0,0.0,0.0,0.0,0.0,0.0,3.0,5.0,1.0,4.0,1.0
462,462,5.0,4.0,6.0,4.0,2.0,3.0,2.0,6.0,5.0,6.0,1.0,2.0,0.0
463,463,2.0,5.0,2.0,5.0,5.0,6.0,2.0,5.0,5.0,0.0,4.0,2.0,4.0
464,464,2.0,5.0,5.0,5.0,5.0,2.0,6.0,5.0,5.0,2.0,1.0,4.0,0.0
465,465,1.0,6.0,2.0,6.0,2.0,3.0,2.0,6.0,5.0,1.0,1.0,4.0,4.0
466,466,2.0,5.0,5.0,5.0,5.0,2.0,6.0,5.0,5.0,5.0,5.0,5.0,2.0
467,467,5.0,5.0,2.0,0.0,4.0,0.0,2.0,2.0,3.0,6.0,1.0,6.0,2.0
468,468,1.0,6.0,2.0,0.0,2.0,5.0,1.0,1.0,5.0,5.0,1.0,1.0,3.0
469,469,5.0,6.0,5.0,5.0,2.0,0.0,2.0,0.0,3.0,3.0,5.0,5.0,0.0
470,470,3.0,5.0,3.0,5.0,5.0,6.0,3.0,4.0,2.0,2.0,1.0,2.0,0.0
471,471,6.0,0.0,2.0,0.0,3.0,1.0,6.0,4.0,3.0,0.0,4.0,2.0,4.0
472,472,2.0,2.0,2.0,2.0,2.0,5.0,2.0,1.0,4.0,6.0,5.0,1.0,0.0
473,473,6.0,2.0,2.0,2.0,2.0,0.0,2.0,1.0,1.0,6.0,1.0,6.0,5.0
474,474,5.0,6.0,0.0,0.0,1.0,6.0,1.0,6.0,3.0,1.0,1.0,5.0,5.0
475,475,5.0,4.0,0.0,0.0,0.0,5.0,6.0,0.0,5.0,0.0,1.0,3.0,3.0
476,476,0.0,0.0,0.0,5.0,0.0,0.0,0.0,2.0,3.0,5.0,5.0,2.0,5.0
477,477,5.0,5.0,0.0,0.0,4.0,5.0,1.0,6.0,2.0,6.0,1.0,3.0,0.0
478,478,0.0,0.0,0.0,0.0,0.0,0.0,0.0,0.0,5.0,5.0,1.0,1.0,2.0
479,479,1.0,5.0,3.0,5.0,5.0,2.0,6.0,0.0,5.0,4.0,5.0,2.0,1.0
480,480,5.0,6.0,3.0,0.0,5.0,5.0,2.0,5.0,5.0,4.0,1.0,5.0,0.0
481,481,6.0,2.0,2.0,3.0,6.0,6.0,2.0,2.0,3.0,4.0,1.0,5.0,5.0
482,482,2.0,2.0,2.0,5.0,2.0,6.0,6.0,6.0,0.0,3.0,1.0,5.0,0.0
483,483,2.0,5.0,2.0,5.0,4.0,4.0,6.0,5.0,5.0,4.0,4.0,3.0,1.0
484,484,6.0,6.0,2.0,2.0,2.0,6.0,2.0,2.0,3.0,0.0,1.0,4.0,5.0
485,485,3.0,5.0,3.0,5.0,5.0,6.0,3.0,1.0,1.0,3.0,1.0,1.0,0.0
486,486,3.0,5.0,3.0,5.0,3.0,1.0,3.0,3.0,1.0,2.0,1.0,5.0,1.0
487,487,5.0,2.0,2.0,4.0,4.0,6.0,2.0,6.0,2.0,2.0,1.0,3.0,4.0
488,488,5.0,6.0,2.0,2.0,2.0,5.0,2.0,4.0,2.0,2.0,1.0,0.0,1.0
489,489,2.0,2.0,2.0,3.0,2.0,2.0,6.0,6.0,1.0,2.0,1.0,2.0,1.0
490,490,4.0,4.0,2.0,2.0,4.0,4.0,2.0,1.0,4.0,6.0,1.0,0.0,1.0
491,491,4.0,4.0,2.0,2.0,1.0,6.0,2.0,3.0,3.0,6.0,1.0,2.0,3.0
492,492,4.0,2.0,2.0,3.0,4.0,1.0,2.0,4.0,1.0,6.0,0.0,4.0,6.0
493,493,5.0,2.0,6.0,2.0,3.0,5.0,2.0,0.0,2.0,6.0,1.0,6.0,3.0
494,494,3.0,5.0,3.0,3.0,3.0,6.0,3.0,3.0,1.0,0.0,1.0,0.0,5.0
495,495,5.0,4.0,0.0,0.0,3.0,2.0,6.0,6.0,0.0,0.0,1.0,4.0,6.0
496,496,3.0,1.0,2.0,3.0,6.0,6.0,6.0,0.0,1.0,2.0,1.0,5.0,4.0
497,497,5.0,0.0,0.0,0.0,0.0,2.0,0.0,6.0,0.0,2.0,1.0,2.0,3.0
498,498,5.0,2.0,2.0,2.0,2.0,2.0,2.0,5.0,3.0,2.0,1.0,4.0,5.0
499,499,0.0,5.0,0.0,0.0,4.0,5.0,0.0,5.0,5.0,5.0,4.0,2.0,2.0
500,500,2.0,5.0,5.0,5.0,5.0,2.0,3.0,5.0,5.0,5.0,1.0,0.0,3.0
501,501,2.0,5.0,2.0,5.0,5.0,2.0,2.0,2.0,5.0,6.0,2.0,3.0,2.0
502,502,4.0,6.0,2.0,2.0,4.0,3.0,2.0,4.0,3.0,1.0,0.0,3.0,6.0
503,503,6.0,2.0,2.0,2.0,3.0,0.0,2.0,6.0,6.0,6.0,1.0,4.0,0.0
504,504,5.0,6.0,3.0,2.0,2.0,2.0,2.0,4.0,2.0,6.0,1.0,6.0,5.0
505,505,1.0,1.0,2.0,1.0,1.0,6.0,3.0,1.0,3.0,6.0,1.0,5.0,1.0
506,506,1.0,1.0,2.0,1.0,6.0,3.0,6.0,6.0,3.0,2.0,1.0,0.0,0.0
507,507,1.0,1.0,2.0,1.0,4.0,3.0,6.0,1.0,3.0,3.0,1.0,0.0,1.0
508,508,1.0,1.0,2.0,3.0,6.0,6.0,3.0,6.0,3.0,5.0,1.0,0.0,0.0
509,509,1.0,1.0,2.0,1.0,2.0,6.0,3.0,1.0,3.0,5.0,1.0,4.0,1.0
510,510,1.0,1.0,2.0,1.0,5.0,6.0,3.0,6.0,3.0,6.0,1.0,2.0,0.0
511,511,1.0,1.0,2.0,1.0,6.0,6.0,3.0,6.0,3.0,6.0,1.0,5.0,6.0
512,512,1.0,1.0,2.0,1.0,6.0,3.0,3.0,6.0,3.0,5.0,1.0,2.0,0.0
513,513,1.0,1.0,2.0,3.0,1.0,6.0,3.0,4.0,3.0,3.0,1.0,4.0,5.0
514,514,5.0,0.0,2.0,1.0,0.0,0.0,3.0,2.0,2.0,6.0,1.0,2.0,0.0
515,515,5.0,2.0,1.0,3.0,3.0,0.0,3.0,2.0,3.0,0.0,1.0,0.0,3.0
516,516,3.0,1.0,2.0,1.0,1.0,6.0,6.0,2.0,3.0,6.0,1.0,0.0,6.0
517,517,3.0,1.0,2.0,3.0,6.0,3.0,3.0,0.0,3.0,5.0,1.0,1.0,0.0
518,518,3.0,1.0,2.0,3.0,1.0,3.0,6.0,2.0,3.0,4.0,1.0,1.0,0.0
519,519,3.0,6.0,2.0,3.0,6.0,6.0,6.0,2.0,3.0,2.0,1.0,6.0,6.0
520,520,1.0,5.0,1.0,4.0,6.0,4.0,2.0,3.0,5.0,1.0,4.0,0.0,3.0
521,521,3.0,1.0,2.0,3.0,6.0,6.0,6.0,0.0,6.0,2.0,1.0,1.0,5.0
522,522,3.0,2.0,2.0,1.0,1.0,1.0,3.0,6.0,6.0,6.0,1.0,6.0,5.0
523,523,5.0,0.0,2.0,0.0,0.0,1.0,6.0,5.0,5.0,3.0,1.0,1.0,4.0
524,524,5.0,5.0,2.0,5.0,5.0,5.0,6.0,0.0,5.0,6.0,5.0,6.0,5.0
525,525,3.0,1.0,2.0,3.0,6.0,3.0,6.0,6.0,6.0,2.0,1.0,0.0,3.0
526,526,5.0,5.0,0.0,0.0,5.0,5.0,1.0,5.0,0.0,6.0,1.0,3.0,5.0
527,527,3.0,1.0,2.0,3.0,2.0,6.0,0.0,2.0,6.0,2.0,1.0,3.0,4.0
528,528,3.0,4.0,2.0,3.0,0.0,6.0,0.0,0.0,6.0,1.0,1.0,6.0,6.0
529,529,5.0,2.0,2.0,6.0,5.0,2.0,6.0,0.0,5.0,4.0,1.0,0.0,5.0
530,530,0.0,5.0,0.0,0.0,0.0,0.0,0.0,0.0,0.0,6.0,1.0,3.0,0.0
531,531,5.0,5.0,2.0,5.0,4.0,5.0,5.0,5.0,5.0,4.0,1.0,2.0,5.0
532,532,1.0,6.0,2.0,3.0,2.0,3.0,6.0,6.0,3.0,6.0,1.0,0.0,3.0
533,533,5.0,0.0,0.0,0.0,0.0,2.0,6.0,5.0,5.0,5.0,1.0,1.0,2.0
534,534,0.0,0.0,0.0,0.0,0.0,0.0,0.0,5.0,5.0,5.0,1.0,4.0,5.0
535,535,5.0,5.0,2.0,6.0,4.0,5.0,6.0,0.0,5.0,4.0,5.0,6.0,1.0
536,536,0.0,6.0,0.0,0.0,0.0,5.0,0.0,0.0,0.0,5.0,5.0,2.0,3.0
537,537,3.0,0.0,2.0,3.0,2.0,5.0,6.0,4.0,6.0,6.0,6.0,2.0,6.0
538,538,5.0,0.0,5.0,5.0,5.0,1.0,2.0,5.0,3.0,2.0,1.0,4.0,2.0
539,539,3.0,1.0,2.0,3.0,1.0,6.0,6.0,0.0,3.0,3.0,1.0,1.0,4.0
540,540,5.0,6.0,2.0,0.0,2.0,3.0,2.0,1.0,3.0,0.0,1.0,6.0,2.0
541,541,5.0,5.0,6.0,0.0,5.0,5.0,0.0,0.0,5.0,0.0,1.0,4.0,4.0
542,542,5.0,5.0,2.0,6.0,5.0,4.0,6.0,0.0,5.0,5.0,5.0,5.0,3.0
543,543,3.0,1.0,2.0,1.0,1.0,6.0,6.0,0.0,3.0,3.0,1.0,1.0,0.0
544,544,5.0,5.0,0.0,0.0,0.0,5.0,5.0,5.0,5.0,6.0,1.0,6.0,3.0
545,545,5.0,5.0,5.0,5.0,5.0,3.0,6.0,0.0,5.0,6.0,1.0,6.0,5.0
546,546,5.0,0.0,1.0,5.0,0.0,5.0,6.0,0.0,5.0,4.0,1.0,5.0,6.0
547,547,3.0,1.0,2.0,3.0,1.0,1.0,0.0,0.0,6.0,3.0,1.0,3.0,6.0
548,548,5.0,1.0,3.0,3.0,2.0,6.0,6.0,2.0,4.0,6.0,5.0,6.0,3.0
549,549,5.0,5.0,0.0,0.0,0.0,5.0,6.0,5.0,5.0,0.0,1.0,3.0,1.0
550,550,3.0,1.0,2.0,0.0,5.0,1.0,1.0,0.0,5.0,1.0,1.0,6.0,3.0
551,551,3.0,1.0,2.0,3.0,1.0,6.0,1.0,0.0,4.0,3.0,1.0,0.0,0.0
552,552,5.0,2.0,5.0,5.0,5.0,5.0,6.0,3.0,5.0,5.0,1.0,3.0,3.0
553,553,5.0,0.0,6.0,0.0,0.0,0.0,0.0,6.0,2.0,0.0,1.0,5.0,2.0
554,554,3.0,3.0,3.0,3.0,2.0,1.0,3.0,4.0,2.0,2.0,1.0,5.0,2.0
555,555,3.0,4.0,2.0,3.0,6.0,6.0,1.0,6.0,5.0,6.0,1.0,2.0,4.0
556,556,0.0,0.0,0.0,0.0,4.0,6.0,5.0,3.0,4.0,0.0,0.0,5.0,3.0
557,557,5.0,5.0,0.0,0.0,0.0,5.0,5.0,0.0,2.0,0.0,1.0,3.0,3.0
558,558,0.0,0.0,0.0,0.0,0.0,5.0,0.0,5.0,0.0,0.0,1.0,2.0,3.0
559,559,5.0,5.0,6.0,5.0,0.0,5.0,6.0,5.0,4.0,1.0,1.0,6.0,5.0
560,560,3.0,2.0,2.0,0.0,5.0,2.0,4.0,2.0,6.0,2.0,6.0,4.0,2.0
561,561,5.0,5.0,2.0,5.0,5.0,1.0,0.0,6.0,5.0,0.0,1.0,2.0,2.0
562,562,2.0,5.0,3.0,3.0,3.0,3.0,3.0,4.0,2.0,3.0,1.0,6.0,0.0
563,563,0.0,0.0,0.0,0.0,2.0,5.0,6.0,3.0,0.0,1.0,3.0,2.0,0.0
564,564,0.0,0.0,6.0,0.0,0.0,5.0,0.0,0.0,2.0,0.0,1.0,3.0,1.0
565,565,5.0,6.0,0.0,0.0,0.0,0.0,0.0,6.0,5.0,5.0,4.0,1.0,6.0
566,566,3.0,4.0,2.0,1.0,6.0,1.0,1.0,0.0,3.0,6.0,1.0,4.0,6.0
567,567,3.0,4.0,2.0,1.0,6.0,6.0,6.0,0.0,6.0,4.0,1.0,0.0,2.0
568,568,5.0,0.0,6.0,5.0,0.0,0.0,6.0,5.0,2.0,1.0,1.0,1.0,3.0
569,569,5.0,0.0,0.0,0.0,0.0,0.0,0.0,0.0,2.0,0.0,1.0,0.0,1.0
570,570,4.0,5.0,5.0,5.0,2.0,5.0,6.0,5.0,5.0,4.0,1.0,3.0,0.0
571,571,3.0,1.0,2.0,3.0,1.0,3.0,4.0,0.0,6.0,0.0,1.0,4.0,5.0
572,572,5.0,0.0,2.0,6.0,5.0,1.0,1.0,5.0,2.0,6.0,4.0,5.0,3.0
573,573,5.0,5.0,6.0,0.0,5.0,5.0,0.0,5.0,5.0,3.0,1.0,3.0,1.0
574,574,3.0,1.0,2.0,3.0,1.0,1.0,1.0,6.0,5.0,1.0,1.0,5.0,6.0
575,575,2.0,0.0,5.0,3.0,3.0,3.0,3.0,3.0,0.0,0.0,1.0,4.0,6.0
576,576,5.0,0.0,0.0,0.0,0.0,5.0,6.0,5.0,2.0,3.0,1.0,0.0,3.0
577,577,1.0,3.0,2.0,6.0,2.0,0.0,2.0,5.0,4.0,6.0,4.0,2.0,1.0
578,578,5.0,0.0,0.0,0.0,3.0,5.0,2.0,6.0,2.0,0.0,4.0,1.0,3.0
579,579,5.0,5.0,6.0,0.0,5.0,5.0,5.0,5.0,5.0,6.0,1.0,2.0,0.0
580,580,5.0,5.0,6.0,5.0,5.0,5.0,3.0,5.0,2.0,2.0,1.0,4.0,6.0
581,581,0.0,0.0,6.0,5.0,5.0,5.0,0.0,5.0,5.0,0.0,1.0,2.0,5.0
582,582,2.0,0.0,5.0,3.0,3.0,3.0,3.0,3.0,2.0,4.0,1.0,1.0,0.0
583,583,2.0,0.0,2.0,0.0,0.0,2.0,3.0,0.0,2.0,5.0,1.0,1.0,3.0
584,584,5.0,0.0,0.0,0.0,5.0,0.0,0.0,5.0,5.0,3.0,1.0,2.0,4.0
585,585,0.0,0.0,0.0,0.0,0.0,5.0,5.0,5.0,2.0,0.0,4.0,1.0,6.0
586,586,5.0,0.0,0.0,0.0,1.0,5.0,6.0,6.0,0.0,5.0,1.0,5.0,1.0
587,587,3.0,4.0,2.0,3.0,1.0,6.0,1.0,2.0,4.0,6.0,1.0,1.0,1.0
588,588,0.0,5.0,0.0,0.0,5.0,5.0,0.0,0.0,2.0,0.0,1.0,6.0,2.0
589,589,5.0,5.0,0.0,0.0,5.0,5.0,0.0,5.0,2.0,3.0,1.0,2.0,0.0
590,590,3.0,2.0,2.0,3.0,6.0,6.0,6.0,2.0,3.0,1.0,1.0,4.0,2.0
591,591,3.0,1.0,2.0,3.0,1.0,1.0,1.0,0.0,3.0,0.0,1.0,6.0,5.0
592,592,3.0,1.0,2.0,1.0,1.0,6.0,6.0,2.0,5.0,2.0,1.0,0.0,0.0
593,593,3.0,6.0,2.0,6.0,1.0,3.0,1.0,6.0,3.0,2.0,1.0,4.0,5.0
594,594,3.0,1.0,2.0,1.0,2.0,1.0,3.0,0.0,4.0,6.0,1.0,3.0,4.0
595,595,3.0,1.0,0.0,3.0,1.0,6.0,6.0,0.0,6.0,0.0,1.0,4.0,0.0
596,596,3.0,5.0,3.0,5.0,3.0,6.0,3.0,4.0,3.0,3.0,1.0,3.0,0.0
597,597,0.0,0.0,3.0,0.0,4.0,2.0,0.0,4.0,4.0,0.0,3.0,1.0,2.0
598,598,3.0,1.0,2.0,1.0,1.0,1.0,6.0,6.0,5.0,2.0,1.0,2.0,3.0
599,599,5.0,5.0,2.0,3.0,5.0,5.0,6.0,0.0,5.0,2.0,1.0,3.0,0.0
600,600,3.0,3.0,2.0,6.0,3.0,3.0,2.0,6.0,5.0,0.0,4.0,3.0,2.0
601,601,3.0,6.0,0.0,6.0,3.0,3.0,2.0,1.0,4.0,1.0,1.0,0.0,1.0
602,602,3.0,1.0,2.0,1.0,1.0,1.0,3.0,0.0,6.0,1.0,1.0,6.0,1.0
603,603,5.0,0.0,2.0,3.0,4.0,5.0,5.0,6.0,6.0,4.0,4.0,6.0,3.0
604,604,3.0,2.0,2.0,1.0,6.0,2.0,6.0,6.0,5.0,3.0,3.0,0.0,4.0
605,605,5.0,5.0,6.0,5.0,5.0,5.0,3.0,6.0,5.0,3.0,1.0,6.0,3.0
606,606,5.0,5.0,6.0,0.0,5.0,5.0,3.0,5.0,2.0,5.0,1.0,4.0,3.0
607,607,3.0,1.0,0.0,1.0,1.0,1.0,3.0,2.0,6.0,2.0,1.0,2.0,2.0
608,608,3.0,1.0,2.0,1.0,6.0,1.0,1.0,6.0,6.0,4.0,1.0,4.0,2.0
609,609,3.0,2.0,2.0,1.0,6.0,1.0,6.0,0.0,2.0,4.0,3.0,3.0,4.0
610,610,5.0,2.0,2.0,5.0,5.0,5.0,5.0,0.0,5.0,2.0,1.0,0.0,5.0
611,611,3.0,6.0,2.0,4.0,6.0,3.0,6.0,6.0,4.0,2.0,1.0,5.0,4.0
612,612,3.0,2.0,2.0,3.0,1.0,1.0,3.0,6.0,6.0,2.0,1.0,3.0,0.0
613,613,2.0,2.0,2.0,3.0,6.0,2.0,2.0,2.0,2.0,6.0,1.0,3.0,0.0
614,614,5.0,0.0,0.0,0.0,5.0,5.0,5.0,5.0,5.0,5.0,1.0,4.0,3.0
615,615,2.0,5.0,2.0,0.0,1.0,2.0,6.0,5.0,6.0,3.0,3.0,1.0,5.0
616,616,5.0,0.0,0.0,5.0,5.0,2.0,5.0,6.0,4.0,5.0,1.0,3.0,2.0
617,617,5.0,5.0,0.0,5.0,5.0,2.0,5.0,5.0,4.0,4.0,1.0,5.0,4.0
618,618,1.0,2.0,4.0,4.0,6.0,4.0,2.0,2.0,5.0,5.0,5.0,6.0,0.0
619,619,1.0,1.0,2.0,4.0,6.0,1.0,6.0,0.0,2.0,2.0,5.0,1.0,4.0
620,620,2.0,2.0,2.0,2.0,2.0,2.0,2.0,6.0,5.0,1.0,1.0,5.0,1.0
621,621,2.0,2.0,2.0,5.0,5.0,2.0,2.0,2.0,2.0,5.0,2.0,6.0,0.0
622,622,3.0,5.0,5.0,5.0,5.0,2.0,3.0,3.0,6.0,0.0,1.0,6.0,4.0
623,623,3.0,3.0,3.0,5.0,3.0,1.0,3.0,3.0,2.0,2.0,1.0,1.0,6.0
624,624,5.0,6.0,2.0,2.0,2.0,5.0,2.0,6.0,5.0,1.0,1.0,0.0,3.0
625,625,3.0,5.0,3.0,3.0,2.0,2.0,3.0,3.0,6.0,4.0,1.0,2.0,2.0
626,626,2.0,1.0,4.0,4.0,6.0,4.0,2.0,6.0,4.0,5.0,3.0,1.0,6.0
627,627,4.0,2.0,2.0,2.0,4.0,6.0,2.0,6.0,4.0,2.0,1.0,2.0,6.0
628,628,0.0,5.0,2.0,0.0,5.0,3.0,0.0,5.0,2.0,5.0,6.0,2.0,2.0
629,629,5.0,5.0,0.0,5.0,5.0,5.0,5.0,5.0,0.0,5.0,1.0,5.0,0.0
630,630,3.0,5.0,3.0,5.0,3.0,5.0,3.0,4.0,6.0,0.0,1.0,5.0,6.0
631,631,1.0,6.0,0.0,0.0,3.0,5.0,6.0,3.0,4.0,1.0,0.0,3.0,1.0
632,632,5.0,4.0,6.0,0.0,0.0,0.0,5.0,1.0,0.0,0.0,1.0,5.0,3.0
633,633,5.0,0.0,0.0,0.0,0.0,0.0,4.0,0.0,5.0,5.0,1.0,0.0,2.0
634,634,5.0,0.0,2.0,0.0,0.0,0.0,2.0,2.0,2.0,1.0,1.0,6.0,1.0
635,635,5.0,5.0,2.0,5.0,0.0,0.0,0.0,2.0,5.0,3.0,5.0,3.0,3.0
636,636,5.0,2.0,2.0,2.0,2.0,2.0,2.0,1.0,5.0,3.0,1.0,6.0,6.0
637,637,5.0,6.0,2.0,2.0,4.0,5.0,2.0,6.0,4.0,6.0,1.0,4.0,6.0
638,638,2.0,2.0,2.0,0.0,2.0,5.0,6.0,4.0,4.0,1.0,5.0,4.0,5.0
639,639,4.0,6.0,2.0,2.0,2.0,4.0,2.0,4.0,6.0,5.0,1.0,5.0,0.0
640,640,6.0,1.0,2.0,2.0,2.0,6.0,2.0,6.0,4.0,6.0,1.0,1.0,2.0
641,641,2.0,2.0,2.0,4.0,2.0,1.0,5.0,6.0,2.0,1.0,4.0,2.0,3.0
642,642,6.0,0.0,0.0,0.0,3.0,2.0,3.0,6.0,4.0,2.0,1.0,6.0,1.0
643,643,5.0,5.0,0.0,5.0,5.0,5.0,3.0,5.0,0.0,3.0,1.0,6.0,4.0
644,644,5.0,5.0,6.0,5.0,5.0,5.0,3.0,5.0,0.0,0.0,1.0,3.0,5.0
645,645,0.0,0.0,0.0,0.0,4.0,4.0,0.0,5.0,5.0,0.0,4.0,2.0,4.0
646,646,5.0,5.0,0.0,0.0,0.0,0.0,0.0,0.0,0.0,0.0,1.0,5.0,6.0
647,647,5.0,5.0,5.0,3.0,5.0,1.0,0.0,4.0,6.0,3.0,1.0,3.0,2.0
648,648,2.0,2.0,2.0,3.0,2.0,6.0,2.0,6.0,2.0,3.0,1.0,5.0,0.0
649,649,5.0,0.0,5.0,0.0,0.0,0.0,1.0,5.0,2.0,6.0,1.0,5.0,0.0
650,650,0.0,0.0,0.0,0.0,0.0,5.0,2.0,5.0,0.0,6.0,4.0,4.0,0.0
651,651,0.0,0.0,0.0,0.0,0.0,0.0,0.0,0.0,0.0,6.0,1.0,6.0,0.0
652,652,5.0,0.0,0.0,0.0,0.0,0.0,4.0,0.0,5.0,5.0,1.0,6.0,2.0
653,653,5.0,0.0,1.0,3.0,3.0,3.0,1.0,2.0,2.0,1.0,1.0,6.0,5.0
654,654,3.0,2.0,3.0,3.0,3.0,2.0,3.0,3.0,5.0,6.0,1.0,1.0,0.0
655,655,5.0,4.0,0.0,0.0,5.0,0.0,0.0,5.0,6.0,3.0,1.0,5.0,4.0
656,656,5.0,0.0,0.0,0.0,0.0,0.0,0.0,0.0,0.0,4.0,1.0,5.0,0.0
657,657,5.0,0.0,0.0,0.0,0.0,0.0,4.0,2.0,2.0,6.0,1.0,3.0,1.0
658,658,0.0,0.0,0.0,0.0,0.0,0.0,4.0,0.0,0.0,2.0,1.0,5.0,3.0
659,659,5.0,5.0,0.0,5.0,5.0,5.0,0.0,5.0,5.0,6.0,1.0,5.0,2.0
660,660,5.0,0.0,2.0,5.0,5.0,5.0,6.0,0.0,6.0,6.0,1.0,4.0,5.0
661,661,5.0,0.0,2.0,0.0,0.0,2.0,2.0,0.0,5.0,1.0,1.0,2.0,1.0
662,662,1.0,6.0,2.0,6.0,2.0,5.0,1.0,1.0,6.0,6.0,1.0,6.0,6.0
663,663,0.0,0.0,0.0,0.0,0.0,0.0,0.0,0.0,5.0,0.0,1.0,6.0,6.0
664,664,5.0,0.0,0.0,0.0,0.0,5.0,2.0,2.0,5.0,6.0,1.0,1.0,4.0
665,665,5.0,0.0,2.0,0.0,3.0,0.0,2.0,2.0,5.0,0.0,1.0,4.0,2.0
666,666,4.0,4.0,2.0,6.0,6.0,6.0,2.0,4.0,5.0,6.0,1.0,6.0,5.0
667,667,4.0,5.0,2.0,2.0,3.0,2.0,2.0,6.0,2.0,0.0,1.0,2.0,2.0
668,668,5.0,2.0,2.0,2.0,2.0,6.0,2.0,5.0,2.0,3.0,1.0,1.0,5.0
669,669,6.0,2.0,2.0,6.0,1.0,6.0,1.0,6.0,0.0,5.0,1.0,6.0,4.0
670,670,3.0,6.0,2.0,4.0,2.0,3.0,1.0,1.0,5.0,1.0,1.0,5.0,0.0
671,671,5.0,0.0,0.0,0.0,1.0,6.0,0.0,4.0,0.0,5.0,4.0,6.0,3.0
672,672,5.0,0.0,5.0,0.0,5.0,2.0,6.0,5.0,5.0,6.0,1.0,3.0,0.0
673,673,5.0,0.0,0.0,0.0,5.0,0.0,0.0,5.0,5.0,0.0,1.0,0.0,2.0
674,674,0.0,0.0,0.0,0.0,5.0,5.0,0.0,5.0,0.0,5.0,1.0,2.0,1.0
675,675,5.0,0.0,0.0,5.0,5.0,5.0,1.0,6.0,0.0,0.0,1.0,1.0,5.0
676,676,5.0,0.0,0.0,0.0,5.0,5.0,0.0,1.0,5.0,0.0,1.0,6.0,0.0
677,677,5.0,0.0,0.0,0.0,4.0,2.0,1.0,6.0,0.0,4.0,1.0,1.0,5.0
678,678,0.0,0.0,0.0,0.0,4.0,0.0,0.0,4.0,4.0,6.0,0.0,5.0,4.0
679,679,5.0,0.0,0.0,5.0,4.0,0.0,0.0,6.0,0.0,0.0,1.0,0.0,2.0
680,680,0.0,0.0,0.0,5.0,5.0,0.0,5.0,6.0,4.0,6.0,0.0,4.0,0.0
681,681,0.0,0.0,6.0,0.0,0.0,4.0,0.0,6.0,4.0,6.0,1.0,4.0,4.0
682,682,3.0,5.0,2.0,5.0,3.0,1.0,2.0,4.0,5.0,6.0,4.0,1.0,0.0
683,683,0.0,0.0,0.0,0.0,5.0,5.0,0.0,3.0,5.0,0.0,4.0,1.0,4.0
684,684,0.0,0.0,0.0,0.0,0.0,0.0,0.0,0.0,0.0,0.0,1.0,4.0,6.0
685,685,0.0,0.0,0.0,0.0,0.0,0.0,0.0,5.0,4.0,0.0,1.0,0.0,2.0
686,686,0.0,0.0,0.0,0.0,5.0,0.0,0.0,5.0,5.0,6.0,4.0,2.0,6.0
687,687,0.0,0.0,0.0,4.0,5.0,0.0,6.0,1.0,5.0,6.0,3.0,3.0,0.0
688,688,4.0,2.0,2.0,2.0,2.0,2.0,2.0,4.0,5.0,1.0,1.0,1.0,5.0
689,689,3.0,6.0,2.0,1.0,1.0,3.0,1.0,1.0,2.0,0.0,1.0,0.0,0.0
690,690,5.0,1.0,2.0,6.0,1.0,6.0,2.0,5.0,4.0,6.0,1.0,0.0,5.0
691,691,5.0,0.0,0.0,5.0,5.0,5.0,1.0,5.0,5.0,2.0,1.0,3.0,6.0
692,692,0.0,0.0,0.0,0.0,5.0,5.0,2.0,5.0,5.0,1.0,4.0,5.0,0.0
693,693,5.0,0.0,2.0,5.0,5.0,5.0,0.0,5.0,5.0,4.0,1.0,4.0,2.0
694,694,5.0,0.0,0.0,5.0,5.0,5.0,5.0,5.0,4.0,0.0,1.0,4.0,0.0
695,695,6.0,2.0,2.0,6.0,4.0,2.0,6.0,4.0,2.0,2.0,6.0,4.0,1.0
696,696,6.0,6.0,2.0,2.0,6.0,2.0,1.0,2.0,4.0,6.0,1.0,2.0,5.0
697,697,2.0,2.0,2.0,2.0,2.0,4.0,6.0,2.0,5.0,0.0,1.0,2.0,5.0
698,698,5.0,0.0,2.0,0.0,0.0,0.0,0.0,2.0,2.0,0.0,1.0,2.0,6.0
699,699,2.0,2.0,2.0,1.0,0.0,2.0,2.0,2.0,2.0,5.0,1.0,6.0,4.0
700,700,2.0,2.0,2.0,1.0,2.0,2.0,0.0,0.0,6.0,5.0,6.0,1.0,3.0
701,701,2.0,2.0,2.0,0.0,0.0,2.0,3.0,2.0,6.0,4.0,1.0,6.0,6.0
702,702,2.0,2.0,2.0,1.0,3.0,2.0,3.0,2.0,6.0,4.0,1.0,6.0,4.0
703,703,2.0,0.0,2.0,1.0,2.0,0.0,3.0,1.0,6.0,4.0,1.0,4.0,0.0
704,704,4.0,2.0,2.0,2.0,5.0,6.0,2.0,6.0,6.0,6.0,1.0,2.0,2.0
705,705,5.0,5.0,0.0,5.0,4.0,5.0,5.0,5.0,0.0,5.0,1.0,6.0,2.0
706,706,1.0,1.0,2.0,4.0,2.0,2.0,6.0,5.0,2.0,3.0,5.0,2.0,0.0
707,707,4.0,2.0,2.0,2.0,3.0,6.0,2.0,4.0,5.0,5.0,1.0,2.0,2.0
708,708,0.0,0.0,0.0,0.0,0.0,0.0,0.0,0.0,6.0,0.0,1.0,0.0,5.0
709,709,5.0,5.0,0.0,0.0,0.0,5.0,5.0,5.0,5.0,0.0,1.0,3.0,5.0
710,710,5.0,5.0,2.0,5.0,5.0,4.0,5.0,5.0,5.0,5.0,4.0,6.0,4.0
711,711,0.0,0.0,0.0,0.0,5.0,4.0,0.0,0.0,0.0,4.0,1.0,0.0,6.0
712,712,2.0,2.0,2.0,3.0,2.0,6.0,6.0,3.0,2.0,0.0,1.0,6.0,0.0
713,713,3.0,6.0,2.0,6.0,1.0,4.0,5.0,2.0,5.0,4.0,1.0,0.0,4.0
714,714,3.0,6.0,2.0,1.0,4.0,3.0,1.0,5.0,5.0,1.0,1.0,6.0,5.0
715,715,5.0,5.0,3.0,0.0,5.0,6.0,1.0,5.0,2.0,3.0,1.0,1.0,0.0
716,716,5.0,2.0,2.0,5.0,2.0,6.0,2.0,6.0,2.0,6.0,2.0,4.0,5.0
717,717,6.0,2.0,2.0,6.0,6.0,6.0,6.0,2.0,2.0,2.0,1.0,0.0,0.0
718,718,5.0,0.0,2.0,6.0,0.0,4.0,6.0,4.0,6.0,5.0,5.0,1.0,4.0
719,719,5.0,0.0,2.0,0.0,1.0,0.0,6.0,5.0,5.0,4.0,1.0,3.0,0.0
720,720,4.0,6.0,2.0,5.0,2.0,3.0,6.0,3.0,2.0,2.0,1.0,0.0,4.0
721,721,2.0,2.0,2.0,5.0,2.0,2.0,2.0,2.0,2.0,5.0,2.0,4.0,6.0
722,722,2.0,1.0,2.0,3.0,1.0,1.0,6.0,6.0,6.0,6.0,1.0,4.0,1.0
723,723,4.0,6.0,2.0,6.0,2.0,2.0,2.0,4.0,6.0,4.0,1.0,5.0,5.0
724,724,2.0,1.0,2.0,2.0,2.0,2.0,6.0,2.0,6.0,4.0,1.0,6.0,6.0
725,725,4.0,2.0,2.0,6.0,2.0,6.0,2.0,4.0,2.0,2.0,1.0,6.0,4.0
726,726,0.0,5.0,0.0,0.0,0.0,0.0,0.0,0.0,2.0,2.0,1.0,5.0,1.0
727,727,0.0,0.0,0.0,0.0,0.0,0.0,0.0,0.0,0.0,4.0,1.0,3.0,3.0
728,728,2.0,5.0,2.0,5.0,5.0,2.0,2.0,2.0,2.0,6.0,2.0,0.0,2.0
729,729,2.0,0.0,1.0,1.0,3.0,5.0,2.0,0.0,2.0,6.0,4.0,5.0,3.0
730,730,3.0,3.0,5.0,5.0,5.0,6.0,3.0,1.0,6.0,5.0,1.0,1.0,6.0
731,731,0.0,0.0,0.0,0.0,0.0,0.0,0.0,0.0,0.0,1.0,1.0,1.0,4.0
732,732,0.0,0.0,0.0,0.0,3.0,0.0,0.0,0.0,5.0,1.0,1.0,4.0,0.0
733,733,3.0,2.0,0.0,0.0,6.0,6.0,0.0,6.0,6.0,4.0,1.0,2.0,0.0
734,734,3.0,2.0,2.0,3.0,2.0,3.0,1.0,1.0,5.0,4.0,1.0,4.0,0.0
735,735,1.0,6.0,2.0,6.0,4.0,6.0,2.0,5.0,5.0,6.0,1.0,5.0,6.0
736,736,0.0,0.0,0.0,0.0,0.0,5.0,2.0,6.0,5.0,0.0,4.0,1.0,5.0
737,737,0.0,0.0,0.0,0.0,0.0,5.0,2.0,3.0,0.0,2.0,4.0,3.0,5.0
738,738,0.0,0.0,0.0,0.0,0.0,0.0,0.0,5.0,4.0,0.0,4.0,6.0,4.0
739,739,0.0,0.0,0.0,0.0,0.0,0.0,0.0,0.0,0.0,5.0,1.0,6.0,3.0
740,740,0.0,0.0,0.0,0.0,0.0,0.0,0.0,0.0,5.0,2.0,1.0,5.0,6.0
741,741,0.0,0.0,0.0,0.0,0.0,5.0,0.0,0.0,0.0,2.0,6.0,4.0,0.0
742,742,3.0,5.0,3.0,5.0,2.0,1.0,3.0,3.0,2.0,5.0,1.0,6.0,0.0
743,743,1.0,3.0,3.0,5.0,3.0,2.0,1.0,5.0,6.0,2.0,0.0,4.0,5.0
744,744,1.0,5.0,5.0,5.0,2.0,6.0,6.0,5.0,6.0,3.0,1.0,6.0,1.0
745,745,3.0,5.0,5.0,5.0,3.0,1.0,3.0,3.0,6.0,1.0,1.0,6.0,4.0
746,746,2.0,2.0,2.0,5.0,5.0,2.0,2.0,2.0,5.0,5.0,2.0,1.0,6.0
747,747,3.0,1.0,2.0,3.0,0.0,6.0,0.0,6.0,6.0,6.0,1.0,3.0,6.0
748,748,5.0,0.0,0.0,0.0,0.0,5.0,2.0,6.0,2.0,5.0,1.0,3.0,1.0
749,749,5.0,5.0,2.0,5.0,5.0,0.0,5.0,5.0,2.0,4.0,1.0,6.0,0.0
750,750,3.0,2.0,2.0,0.0,1.0,6.0,5.0,6.0,2.0,2.0,4.0,4.0,0.0
751,751,3.0,5.0,2.0,5.0,5.0,3.0,6.0,4.0,1.0,4.0,4.0,5.0,5.0
752,752,0.0,0.0,0.0,0.0,4.0,5.0,0.0,0.0,5.0,0.0,1.0,2.0,6.0
753,753,3.0,1.0,2.0,4.0,3.0,3.0,1.0,4.0,4.0,2.0,1.0,5.0,2.0
754,754,5.0,0.0,0.0,5.0,3.0,4.0,5.0,5.0,0.0,2.0,1.0,6.0,4.0
755,755,0.0,0.0,0.0,0.0,5.0,0.0,0.0,1.0,5.0,2.0,1.0,2.0,3.0
756,756,5.0,2.0,2.0,5.0,2.0,2.0,2.0,2.0,2.0,5.0,2.0,4.0,5.0
757,757,1.0,5.0,5.0,5.0,5.0,5.0,0.0,6.0,1.0,5.0,5.0,5.0,2.0
758,758,1.0,5.0,5.0,6.0,4.0,6.0,3.0,5.0,2.0,2.0,1.0,4.0,4.0
759,759,2.0,5.0,2.0,5.0,5.0,2.0,2.0,5.0,5.0,1.0,4.0,4.0,5.0
760,760,2.0,5.0,5.0,5.0,5.0,6.0,3.0,5.0,5.0,3.0,1.0,3.0,1.0
761,761,2.0,2.0,2.0,5.0,5.0,2.0,2.0,2.0,5.0,3.0,2.0,5.0,2.0
762,762,2.0,5.0,2.0,5.0,5.0,2.0,5.0,4.0,1.0,1.0,4.0,2.0,0.0
763,763,2.0,2.0,2.0,5.0,5.0,2.0,2.0,2.0,5.0,0.0,2.0,3.0,3.0
764,764,2.0,5.0,2.0,5.0,1.0,1.0,5.0,2.0,5.0,4.0,4.0,3.0,5.0
765,765,2.0,2.0,2.0,5.0,5.0,2.0,2.0,2.0,5.0,2.0,2.0,0.0,6.0
766,766,2.0,5.0,2.0,5.0,5.0,2.0,2.0,5.0,5.0,0.0,4.0,4.0,2.0
767,767,1.0,5.0,5.0,5.0,5.0,0.0,0.0,0.0,5.0,5.0,5.0,5.0,1.0
768,768,1.0,3.0,3.0,5.0,3.0,1.0,3.0,3.0,4.0,1.0,1.0,2.0,6.0
769,769,2.0,2.0,6.0,5.0,4.0,2.0,6.0,6.0,4.0,1.0,1.0,2.0,6.0
770,770,3.0,2.0,0.0,1.0,1.0,3.0,1.0,4.0,1.0,2.0,1.0,4.0,6.0
771,771,3.0,2.0,2.0,3.0,1.0,6.0,1.0,6.0,2.0,2.0,1.0,3.0,0.0
772,772,3.0,2.0,2.0,1.0,1.0,1.0,1.0,2.0,2.0,0.0,1.0,0.0,1.0
773,773,6.0,1.0,2.0,1.0,6.0,3.0,6.0,4.0,2.0,6.0,1.0,5.0,0.0
774,774,5.0,5.0,0.0,5.0,4.0,0.0,2.0,5.0,2.0,0.0,1.0,3.0,1.0
775,775,3.0,2.0,2.0,4.0,3.0,3.0,1.0,3.0,6.0,2.0,1.0,1.0,4.0
776,776,1.0,3.0,3.0,0.0,4.0,3.0,2.0,3.0,1.0,2.0,0.0,0.0,0.0
777,777,0.0,0.0,0.0,0.0,0.0,0.0,0.0,0.0,0.0,2.0,1.0,2.0,0.0
778,778,5.0,6.0,2.0,2.0,2.0,6.0,2.0,5.0,6.0,2.0,1.0,5.0,6.0
779,779,1.0,5.0,3.0,5.0,3.0,1.0,3.0,2.0,1.0,2.0,1.0,0.0,4.0
780,780,0.0,0.0,0.0,0.0,0.0,0.0,0.0,0.0,0.0,5.0,1.0,1.0,6.0
781,781,6.0,4.0,6.0,3.0,3.0,6.0,6.0,3.0,1.0,2.0,1.0,3.0,0.0
782,782,1.0,5.0,3.0,3.0,5.0,5.0,1.0,0.0,1.0,1.0,1.0,0.0,1.0
783,783,3.0,5.0,5.0,5.0,3.0,2.0,3.0,3.0,5.0,2.0,1.0,2.0,5.0
784,784,5.0,0.0,2.0,0.0,0.0,0.0,4.0,0.0,0.0,0.0,1.0,5.0,5.0
785,785,0.0,0.0,0.0,0.0,4.0,1.0,0.0,4.0,2.0,2.0,0.0,5.0,3.0
786,786,5.0,0.0,2.0,5.0,4.0,0.0,6.0,0.0,5.0,5.0,1.0,4.0,5.0
787,787,3.0,5.0,2.0,5.0,5.0,1.0,6.0,6.0,5.0,2.0,4.0,2.0,2.0
788,788,6.0,6.0,0.0,4.0,1.0,3.0,1.0,1.0,1.0,1.0,1.0,1.0,6.0
789,789,0.0,0.0,0.0,5.0,4.0,1.0,0.0,3.0,2.0,5.0,0.0,2.0,0.0
790,790,1.0,5.0,5.0,5.0,4.0,6.0,3.0,5.0,5.0,0.0,1.0,4.0,4.0
791,791,5.0,6.0,2.0,5.0,5.0,5.0,6.0,5.0,5.0,0.0,1.0,0.0,5.0
792,792,5.0,5.0,0.0,5.0,5.0,5.0,5.0,6.0,2.0,1.0,1.0,2.0,2.0
793,793,5.0,1.0,0.0,5.0,5.0,5.0,0.0,6.0,5.0,0.0,5.0,3.0,5.0
794,794,5.0,0.0,0.0,5.0,5.0,5.0,5.0,5.0,0.0,1.0,1.0,4.0,2.0
795,795,0.0,0.0,0.0,5.0,4.0,2.0,0.0,4.0,2.0,5.0,0.0,4.0,4.0
796,796,5.0,2.0,2.0,5.0,4.0,1.0,4.0,2.0,2.0,5.0,2.0,1.0,4.0
797,797,6.0,4.0,2.0,6.0,3.0,0.0,6.0,6.0,2.0,5.0,1.0,4.0,5.0
798,798,4.0,6.0,2.0,2.0,3.0,6.0,6.0,2.0,2.0,1.0,1.0,3.0,2.0
799,799,4.0,2.0,2.0,6.0,6.0,6.0,6.0,1.0,1.0,5.0,1.0,1.0,3.0
800,800,6.0,6.0,2.0,6.0,4.0,6.0,6.0,2.0,1.0,5.0,1.0,2.0,1.0
801,801,6.0,2.0,2.0,2.0,2.0,6.0,2.0,2.0,1.0,2.0,1.0,2.0,2.0
802,802,6.0,6.0,2.0,6.0,6.0,6.0,6.0,6.0,2.0,1.0,1.0,4.0,3.0
803,803,4.0,2.0,2.0,6.0,3.0,6.0,2.0,4.0,6.0,3.0,1.0,2.0,6.0
804,804,0.0,5.0,0.0,0.0,5.0,5.0,0.0,5.0,5.0,0.0,1.0,6.0,4.0
805,805,5.0,5.0,2.0,0.0,5.0,5.0,5.0,6.0,2.0,0.0,4.0,4.0,2.0
806,806,4.0,2.0,2.0,4.0,3.0,6.0,2.0,4.0,2.0,6.0,1.0,2.0,0.0
807,807,6.0,2.0,2.0,6.0,4.0,3.0,2.0,6.0,6.0,0.0,1.0,5.0,1.0
808,808,2.0,2.0,2.0,2.0,2.0,4.0,6.0,6.0,2.0,6.0,1.0,6.0,3.0
809,809,4.0,4.0,2.0,6.0,2.0,2.0,2.0,4.0,6.0,1.0,1.0,6.0,2.0
810,810,3.0,5.0,5.0,5.0,5.0,6.0,3.0,3.0,5.0,2.0,1.0,5.0,1.0
811,811,5.0,5.0,0.0,5.0,5.0,5.0,5.0,5.0,5.0,1.0,1.0,2.0,3.0
812,812,5.0,2.0,5.0,3.0,5.0,5.0,1.0,5.0,1.0,4.0,1.0,3.0,5.0
813,813,6.0,6.0,2.0,4.0,2.0,3.0,2.0,1.0,1.0,3.0,1.0,1.0,6.0
814,814,5.0,5.0,2.0,5.0,5.0,5.0,5.0,2.0,2.0,0.0,2.0,5.0,4.0
815,815,5.0,0.0,0.0,5.0,5.0,5.0,5.0,5.0,2.0,3.0,1.0,4.0,2.0
816,816,1.0,5.0,2.0,6.0,5.0,5.0,6.0,5.0,2.0,0.0,1.0,0.0,4.0
817,817,2.0,0.0,5.0,0.0,0.0,2.0,0.0,0.0,2.0,5.0,1.0,2.0,5.0
818,818,3.0,2.0,5.0,5.0,5.0,2.0,2.0,5.0,5.0,2.0,1.0,2.0,2.0
819,819,5.0,0.0,0.0,0.0,5.0,0.0,2.0,6.0,5.0,0.0,1.0,6.0,2.0
820,820,0.0,0.0,0.0,0.0,4.0,6.0,0.0,4.0,0.0,0.0,0.0,6.0,4.0
821,821,5.0,6.0,0.0,5.0,5.0,5.0,6.0,6.0,2.0,0.0,1.0,6.0,2.0
822,822,5.0,5.0,0.0,5.0,5.0,5.0,5.0,5.0,2.0,3.0,1.0,4.0,1.0
823,823,1.0,5.0,5.0,5.0,5.0,0.0,0.0,2.0,4.0,5.0,5.0,1.0,1.0
824,824,5.0,0.0,3.0,3.0,3.0,2.0,1.0,0.0,5.0,2.0,1.0,2.0,2.0
825,825,0.0,5.0,0.0,0.0,0.0,0.0,0.0,0.0,5.0,0.0,1.0,1.0,0.0
826,826,5.0,5.0,0.0,5.0,5.0,5.0,5.0,5.0,2.0,5.0,1.0,0.0,6.0
827,827,2.0,2.0,2.0,5.0,2.0,2.0,2.0,2.0,5.0,2.0,2.0,3.0,4.0
828,828,5.0,5.0,0.0,0.0,5.0,0.0,0.0,5.0,5.0,3.0,1.0,5.0,0.0
829,829,5.0,5.0,0.0,5.0,5.0,5.0,5.0,6.0,0.0,0.0,1.0,4.0,3.0
830,830,0.0,0.0,0.0,0.0,0.0,0.0,0.0,5.0,5.0,0.0,4.0,2.0,4.0
831,831,3.0,5.0,2.0,6.0,3.0,6.0,6.0,4.0,6.0,1.0,4.0,6.0,2.0
832,832,2.0,2.0,2.0,5.0,2.0,2.0,2.0,2.0,5.0,1.0,2.0,1.0,0.0
833,833,5.0,5.0,5.0,3.0,5.0,5.0,2.0,0.0,5.0,3.0,1.0,3.0,3.0
834,834,0.0,0.0,0.0,0.0,0.0,5.0,0.0,5.0,2.0,3.0,4.0,1.0,6.0
835,835,6.0,0.0,0.0,0.0,1.0,1.0,0.0,4.0,0.0,4.0,1.0,4.0,4.0
836,836,5.0,5.0,0.0,5.0,5.0,5.0,1.0,5.0,0.0,0.0,1.0,2.0,5.0
837,837,5.0,5.0,5.0,5.0,5.0,1.0,6.0,5.0,2.0,5.0,1.0,2.0,0.0
838,838,3.0,1.0,4.0,3.0,3.0,1.0,0.0,4.0,2.0,3.0,5.0,5.0,0.0
839,839,6.0,4.0,0.0,0.0,6.0,5.0,6.0,4.0,5.0,0.0,1.0,5.0,5.0
840,840,3.0,5.0,3.0,3.0,3.0,1.0,1.0,1.0,5.0,3.0,1.0,1.0,5.0
841,841,0.0,0.0,0.0,0.0,0.0,0.0,0.0,0.0,5.0,0.0,1.0,6.0,3.0
842,842,0.0,0.0,0.0,0.0,0.0,5.0,0.0,5.0,5.0,6.0,4.0,3.0,1.0
843,843,0.0,0.0,0.0,0.0,0.0,0.0,0.0,0.0,0.0,0.0,1.0,6.0,5.0
844,844,0.0,0.0,0.0,0.0,0.0,0.0,0.0,0.0,5.0,2.0,1.0,6.0,6.0
845,845,0.0,0.0,0.0,0.0,0.0,0.0,0.0,0.0,0.0,0.0,1.0,3.0,0.0
846,846,5.0,0.0,0.0,5.0,5.0,5.0,0.0,2.0,5.0,0.0,1.0,1.0,5.0
847,847,0.0,0.0,0.0,0.0,0.0,0.0,0.0,0.0,0.0,0.0,1.0,4.0,5.0
848,848,0.0,0.0,0.0,0.0,0.0,3.0,0.0,1.0,5.0,6.0,4.0,4.0,2.0
849,849,0.0,0.0,1.0,0.0,0.0,5.0,2.0,0.0,0.0,2.0,4.0,3.0,1.0
850,850,0.0,0.0,0.0,0.0,3.0,3.0,0.0,5.0,0.0,5.0,4.0,5.0,2.0
851,851,0.0,0.0,0.0,0.0,6.0,1.0,2.0,5.0,2.0,1.0,0.0,6.0,0.0
852,852,5.0,0.0,0.0,0.0,6.0,0.0,0.0,0.0,2.0,5.0,1.0,2.0,0.0
853,853,5.0,5.0,2.0,5.0,5.0,5.0,5.0,5.0,5.0,1.0,1.0,6.0,3.0
854,854,3.0,2.0,2.0,0.0,2.0,1.0,6.0,6.0,2.0,1.0,5.0,6.0,0.0
855,855,5.0,2.0,2.0,6.0,0.0,5.0,2.0,5.0,6.0,6.0,1.0,3.0,1.0
856,856,6.0,2.0,2.0,2.0,3.0,6.0,2.0,6.0,2.0,6.0,1.0,6.0,5.0
857,857,2.0,0.0,2.0,0.0,0.0,2.0,0.0,0.0,5.0,5.0,1.0,2.0,1.0
858,858,3.0,6.0,2.0,6.0,3.0,3.0,2.0,1.0,4.0,4.0,1.0,5.0,0.0
859,859,5.0,5.0,2.0,0.0,5.0,0.0,2.0,2.0,2.0,1.0,5.0,5.0,5.0
860,860,3.0,1.0,2.0,3.0,1.0,1.0,3.0,2.0,1.0,0.0,1.0,5.0,5.0
861,861,5.0,6.0,5.0,5.0,5.0,5.0,6.0,5.0,2.0,2.0,1.0,3.0,1.0
862,862,5.0,2.0,2.0,6.0,1.0,5.0,2.0,5.0,4.0,4.0,1.0,0.0,0.0
863,863,5.0,5.0,5.0,5.0,5.0,5.0,2.0,6.0,2.0,2.0,1.0,5.0,0.0
864,864,3.0,5.0,5.0,5.0,5.0,6.0,3.0,5.0,6.0,2.0,1.0,0.0,2.0
865,865,3.0,3.0,3.0,3.0,3.0,3.0,1.0,3.0,6.0,5.0,1.0,0.0,0.0
866,866,2.0,2.0,2.0,6.0,6.0,1.0,6.0,3.0,2.0,6.0,5.0,4.0,4.0
867,867,6.0,1.0,2.0,6.0,3.0,1.0,2.0,6.0,2.0,6.0,1.0,4.0,5.0
868,868,1.0,5.0,5.0,5.0,5.0,5.0,0.0,5.0,5.0,0.0,5.0,3.0,4.0
869,869,5.0,2.0,2.0,0.0,5.0,0.0,3.0,0.0,1.0,2.0,1.0,4.0,5.0
870,870,2.0,5.0,5.0,5.0,3.0,2.0,6.0,4.0,6.0,1.0,5.0,1.0,2.0
871,871,2.0,2.0,2.0,5.0,5.0,2.0,2.0,2.0,5.0,5.0,2.0,3.0,5.0
872,872,2.0,2.0,2.0,5.0,5.0,2.0,2.0,2.0,2.0,2.0,2.0,3.0,4.0
873,873,6.0,0.0,0.0,0.0,6.0,2.0,6.0,5.0,1.0,4.0,1.0,1.0,2.0
874,874,1.0,5.0,2.0,6.0,3.0,5.0,2.0,4.0,2.0,2.0,4.0,4.0,0.0
875,875,6.0,6.0,0.0,3.0,0.0,2.0,6.0,4.0,2.0,4.0,1.0,6.0,2.0
876,876,0.0,5.0,0.0,0.0,0.0,0.0,0.0,0.0,2.0,0.0,5.0,3.0,4.0
877,877,5.0,5.0,2.0,6.0,2.0,5.0,6.0,0.0,6.0,2.0,1.0,6.0,6.0
878,878,6.0,2.0,2.0,5.0,3.0,1.0,6.0,3.0,6.0,6.0,1.0,4.0,3.0
879,879,6.0,1.0,0.0,3.0,4.0,5.0,6.0,6.0,2.0,0.0,1.0,5.0,4.0
880,880,5.0,0.0,0.0,0.0,5.0,0.0,2.0,6.0,1.0,0.0,1.0,5.0,2.0
881,881,3.0,1.0,2.0,3.0,6.0,6.0,3.0,2.0,6.0,6.0,1.0,3.0,4.0
882,882,2.0,0.0,1.0,1.0,0.0,0.0,0.0,0.0,1.0,5.0,1.0,4.0,5.0
883,883,6.0,6.0,2.0,6.0,4.0,2.0,6.0,2.0,6.0,0.0,1.0,4.0,3.0
884,884,2.0,2.0,2.0,5.0,2.0,2.0,2.0,5.0,2.0,2.0,2.0,6.0,0.0
885,885,2.0,2.0,2.0,5.0,5.0,2.0,2.0,5.0,4.0,2.0,2.0,0.0,6.0
886,886,2.0,2.0,2.0,5.0,5.0,2.0,2.0,2.0,2.0,3.0,2.0,3.0,1.0
887,887,2.0,2.0,2.0,5.0,5.0,2.0,2.0,2.0,5.0,3.0,2.0,5.0,0.0
888,888,2.0,2.0,2.0,5.0,5.0,2.0,2.0,2.0,2.0,0.0,2.0,5.0,4.0
889,889,6.0,1.0,2.0,2.0,3.0,6.0,6.0,3.0,6.0,2.0,1.0,4.0,3.0
890,890,6.0,2.0,6.0,6.0,2.0,1.0,2.0,6.0,2.0,2.0,5.0,1.0,2.0
891,891,0.0,0.0,0.0,0.0,5.0,0.0,0.0,0.0,0.0,1.0,1.0,3.0,1.0
892,892,3.0,5.0,5.0,5.0,5.0,1.0,3.0,5.0,5.0,2.0,1.0,0.0,2.0
893,893,2.0,5.0,5.0,6.0,5.0,2.0,6.0,5.0,5.0,2.0,5.0,3.0,0.0
894,894,2.0,1.0,2.0,6.0,2.0,1.0,6.0,2.0,6.0,2.0,1.0,3.0,6.0
895,895,6.0,0.0,0.0,0.0,3.0,1.0,0.0,4.0,0.0,6.0,1.0,5.0,0.0
